{
  "BNB_4h": {
    "baseline": {
      "net": -105.79000000000033,
      "trades": 153,
      "wr": 46.4,
      "pf": 0.0,
      "sharpe": -0.064,
      "dd": 2282.17,
      "fees": 534.68
    },
    "conf_0.65": {
      "net": 536.6399999999999,
      "trades": 119,
      "wr": 46.2,
      "pf": 99.0,
      "sharpe": 0.398,
      "dd": 1155.68,
      "fees": 414.47
    },
    "conf_0.70": {
      "net": 1356.4500000000003,
      "trades": 67,
      "wr": 47.8,
      "pf": 99.0,
      "sharpe": 1.438,
      "dd": 726.1,
      "fees": 234.32
    },
    "conf_0.75": {
      "net": 1898.2800000000002,
      "trades": 38,
      "wr": 55.3,
      "pf": 99.0,
      "sharpe": 2.819,
      "dd": 572.38,
      "fees": 128.37
    },
    "cool_4": {
      "net": 417.4999999999998,
      "trades": 129,
      "wr": 51.2,
      "pf": 99.0,
      "sharpe": 0.351,
      "dd": 1521.78,
      "fees": 455.67
    },
    "cool_6": {
      "net": 24.259999999999764,
      "trades": 106,
      "wr": 49.1,
      "pf": 99.0,
      "sharpe": 0.033,
      "dd": 1584.59,
      "fees": 364.22
    },
    "conf70_cool4": {
      "net": 1512.2900000000002,
      "trades": 53,
      "wr": 49.1,
      "pf": 99.0,
      "sharpe": 2.605,
      "dd": 411.86,
      "fees": 189.83
    }
  },
  "BTC_1h": {
    "baseline": {
      "net": -71.65999999999995,
      "trades": 250,
      "wr": 54.0,
      "pf": 0.0,
      "sharpe": -0.407,
      "dd": 208.45,
      "fees": 207.14
    },
    "conf_0.65": {
      "net": -411.23999999999995,
      "trades": 219,
      "wr": 45.2,
      "pf": 0.0,
      "sharpe": -2.568,
      "dd": 445.71,
      "fees": 195.47
    },
    "conf_0.70": {
      "net": -320.37,
      "trades": 195,
      "wr": 50.3,
      "pf": 0.0,
      "sharpe": -2.364,
      "dd": 377.69,
      "fees": 167.17
    },
    "cool_18": {
      "net": -440.31999999999965,
      "trades": 206,
      "wr": 45.1,
      "pf": 0.0,
      "sharpe": -3.389,
      "dd": 467.38,
      "fees": 183.66
    },
    "cool_24": {
      "net": -389.3200000000001,
      "trades": 174,
      "wr": 42.0,
      "pf": 0.0,
      "sharpe": -2.854,
      "dd": 410.03,
      "fees": 156.32
    },
    "conf70_cool18": {
      "net": -460.69,
      "trades": 168,
      "wr": 45.2,
      "pf": 0.0,
      "sharpe": -4.096,
      "dd": 460.69,
      "fees": 148.51
    }
  },
  "ETH_1h": {
    "baseline": {
      "net": 104.62,
      "trades": 305,
      "wr": 55.7,
      "pf": 99.0,
      "sharpe": 0.258,
      "dd": 417.87,
      "fees": 241.46
    },
    "conf_0.65": {
      "net": -692.8299999999998,
      "trades": 233,
      "wr": 49.8,
      "pf": 0.0,
      "sharpe": -2.338,
      "dd": 781.85,
      "fees": 189.47
    },
    "conf_0.70": {
      "net": -670.5100000000001,
      "trades": 166,
      "wr": 45.2,
      "pf": 0.0,
      "sharpe": -3.381,
      "dd": 790.34,
      "fees": 137.24
    },
    "cool_18": {
      "net": -585.6400000000002,
      "trades": 269,
      "wr": 50.9,
      "pf": 0.0,
      "sharpe": -1.765,
      "dd": 792.86,
      "fees": 211.57
    },
    "conf65_cool18": {
      "net": -239.35,
      "trades": 214,
      "wr": 53.7,
      "pf": 0.0,
      "sharpe": -0.895,
      "dd": 370.66,
      "fees": 168.33
    }
  },
  "SOL_4h": {
    "baseline": {
      "net": 1249.26,
      "trades": 124,
      "wr": 60.5,
      "pf": 99.0,
      "sharpe": 1.241,
      "dd": 1306.71,
      "fees": 284.28
    },
    "conf_0.55": {
      "net": 748.5700000000003,
      "trades": 173,
      "wr": 54.3,
      "pf": 99.0,
      "sharpe": 0.563,
      "dd": 1352.12,
      "fees": 413.74
    },
    "cool_1": {
      "net": 846.8099999999994,
      "trades": 142,
      "wr": 59.9,
      "pf": 99.0,
      "sharpe": 0.774,
      "dd": 1407.99,
      "fees": 317.33
    }
  }
}