{
  "ETH_1h": {
    "baseline": {
      "net": 82.94999999999987,
      "trades": 303,
      "wr": 55.4,
      "pf": 99.0,
      "sharpe": 0.205,
      "dd": 417.87,
      "fees": 240.5
    },
    "risk_boost": {
      "net": 104.62,
      "trades": 305,
      "wr": 55.7,
      "pf": 99.0,
      "sharpe": 0.258,
      "dd": 417.87,
      "fees": 241.46
    },
    "risk_boost_directional": {
      "net": 104.62,
      "trades": 305,
      "wr": 55.7,
      "pf": 99.0,
      "sharpe": 0.258,
      "dd": 417.87,
      "fees": 241.46
    },
    "aggressive": {
      "net": -228.80000000000032,
      "trades": 299,
      "wr": 55.5,
      "pf": 0.0,
      "sharpe": -0.561,
      "dd": 558.49,
      "fees": 218.39
    },
    "grid_v2": {
      "net": -87.7700000000001,
      "trades": 307,
      "wr": 53.7,
      "pf": 0.0,
      "sharpe": -0.217,
      "dd": 517.03,
      "fees": 244.63
    }
  },
  "BNB_4h": {
    "baseline": {
      "net": -105.79000000000026,
      "trades": 153,
      "wr": 46.4,
      "pf": 0.0,
      "sharpe": -0.064,
      "dd": 2282.24,
      "fees": 534.71
    },
    "risk_boost": {
      "net": -106.04000000000005,
      "trades": 153,
      "wr": 46.4,
      "pf": 0.0,
      "sharpe": -0.065,
      "dd": 2282.16,
      "fees": 534.64
    },
    "tighter_sl": {
      "net": -105.68999999999986,
      "trades": 153,
      "wr": 46.4,
      "pf": 0.0,
      "sharpe": -0.064,
      "dd": 2282.14,
      "fees": 534.71
    },
    "wider_tp": {
      "net": -106.04000000000003,
      "trades": 153,
      "wr": 46.4,
      "pf": 0.0,
      "sharpe": -0.065,
      "dd": 2282.23,
      "fees": 534.7
    },
    "directional_off": {
      "net": -106.19999999999979,
      "trades": 153,
      "wr": 46.4,
      "pf": 0.0,
      "sharpe": -0.065,
      "dd": 2282.34,
      "fees": 534.67
    }
  },
  "BTC_1h": {
    "baseline": {
      "net": -71.65999999999995,
      "trades": 250,
      "wr": 54.0,
      "pf": 0.0,
      "sharpe": -0.407,
      "dd": 208.45,
      "fees": 207.14
    },
    "risk_boost": {
      "net": -86.46999999999996,
      "trades": 249,
      "wr": 53.4,
      "pf": 0.0,
      "sharpe": -0.491,
      "dd": 208.45,
      "fees": 206.11
    },
    "higher_conf": {
      "net": -86.46999999999996,
      "trades": 249,
      "wr": 53.4,
      "pf": 0.0,
      "sharpe": -0.491,
      "dd": 208.45,
      "fees": 206.11
    },
    "tighter_sl": {
      "net": -86.08999999999996,
      "trades": 249,
      "wr": 53.4,
      "pf": 0.0,
      "sharpe": -0.489,
      "dd": 208.08,
      "fees": 206.11
    }
  }
}