{
  "SOL65_BNB35_c65_c70": {
    "net": 1726.6200000000003,
    "trades": 152,
    "sharpe": 2.269,
    "fees": 205.5,
    "pairs": {
      "SOL": 1251.9600000000003,
      "BNB": 474.66
    }
  },
  "SOL65_BNB35_c65_c75": {
    "net": 1916.3900000000006,
    "trades": 123,
    "sharpe": 2.96,
    "fees": 168.43,
    "pairs": {
      "SOL": 1251.9200000000005,
      "BNB": 664.47
    }
  },
  "SOL70_BNB30_c65_c75": {
    "net": 1917.74,
    "trades": 123,
    "sharpe": 2.96,
    "fees": 171.54,
    "pairs": {
      "SOL": 1348.25,
      "BNB": 569.49
    }
  },
  "SOL80_BNB20_c65_c75": {
    "net": 1920.49,
    "trades": 123,
    "sharpe": 2.96,
    "fees": 177.67,
    "pairs": {
      "SOL": 1540.86,
      "BNB": 379.63000000000005
    }
  },
  "SOL60_BNB40_c65_c75": {
    "net": 1914.9500000000003,
    "trades": 123,
    "sharpe": 2.96,
    "fees": 165.35,
    "pairs": {
      "SOL": 1155.6100000000004,
      "BNB": 759.3399999999999
    }
  },
  "SOL50_BNB50_c65_c75": {
    "net": 1912.2099999999996,
    "trades": 123,
    "sharpe": 2.959,
    "fees": 159.24,
    "pairs": {
      "SOL": 963.0299999999996,
      "BNB": 949.1800000000001
    }
  },
  "SOL100_c65": {
    "net": 1926.1200000000001,
    "trades": 85,
    "sharpe": 3.1,
    "fees": 190.0,
    "pairs": {
      "SOL": 1926.1200000000001
    }
  },
  "SOL55_BNB35_XRP10": {
    "net": 1748.59,
    "trades": 224,
    "sharpe": 2.306,
    "fees": 158.19000000000003,
    "pairs": {
      "SOL": 1059.33,
      "BNB": 664.51,
      "XRP": 24.750000000000007
    }
  }
}