{
  "BTCUSDT": {
    "1h": {
      "net": -86.46999999999996,
      "trades": 249,
      "wr": 53.4,
      "pf": 0.0,
      "sharpe": -0.491,
      "dd": 208.45,
      "fees": 206.11
    }
  },
  "ETHUSDT": {
    "1h": {
      "net": 104.62,
      "trades": 305,
      "wr": 55.7,
      "pf": 99.0,
      "sharpe": 0.258,
      "dd": 417.87,
      "fees": 241.46
    }
  },
  "BNBUSDT": {
    "1h": {
      "net": -82.94999999999986,
      "trades": 241,
      "wr": 51.5,
      "pf": 0.0,
      "sharpe": -0.105,
      "dd": 856.4,
      "fees": 763.01
    }
  }
}