{
  "BTCUSDT": {
    "4h": {
      "net": -604.7399999999998,
      "trades": 127,
      "wr": 33.9,
      "pf": 0.0,
      "sharpe": -4.49,
      "dd": 710.46,
      "fees": 127.68
    }
  },
  "ETHUSDT": {
    "4h": {
      "net": -648.12,
      "trades": 97,
      "wr": 38.1,
      "pf": 0.0,
      "sharpe": -3.192,
      "dd": 921.18,
      "fees": 91.89
    }
  },
  "BNBUSDT": {
    "4h": {
      "net": -105.37000000000003,
      "trades": 153,
      "wr": 46.4,
      "pf": 0.0,
      "sharpe": -0.064,
      "dd": 2282.17,
      "fees": 534.65
    }
  }
}