{
  "SOLUSDT": {
    "1h": {
      "net": -2024.1799999999992,
      "trades": 312,
      "wr": 58.7,
      "pf": 0.0,
      "sharpe": -1.569,
      "dd": 2872.18,
      "fees": 691.73
    },
    "15m": {
      "net": -945.63,
      "trades": 240,
      "wr": 59.2,
      "pf": 0.0,
      "sharpe": -2.048,
      "dd": 1016.21,
      "fees": 398.4
    }
  },
  "XRPUSDT": {
    "1h": {
      "net": -558.9799999999993,
      "trades": 288,
      "wr": 49.3,
      "pf": 0.0,
      "sharpe": -1.49,
      "dd": 1032.8,
      "fees": 230.56
    },
    "15m": {
      "net": -627.52,
      "trades": 283,
      "wr": 47.7,
      "pf": 0.0,
      "sharpe": -2.865,
      "dd": 642.9,
      "fees": 214.38
    }
  }
}