{
  "feature_names": [
    "return_5",
    "volatility_5",
    "return_10",
    "volatility_10",
    "return_20",
    "volatility_20",
    "return_50",
    "volatility_50",
    "roc_acceleration",
    "price_sma20_ratio",
    "price_sma50_ratio",
    "sma20_sma50_ratio",
    "price_zscore",
    "vol_ratio",
    "atr_pct",
    "bb_width",
    "vol_ratio_20",
    "vol_trend",
    "vwap_deviation",
    "up_down_vol_ratio",
    "rsi_14",
    "macd_hist",
    "bb_pctb",
    "stoch_rsi",
    "hurst",
    "adx_14",
    "trend_r2",
    "trend_p_value",
    "hour_sin",
    "hour_cos",
    "day_of_week",
    "body_ratio",
    "upper_shadow",
    "lower_shadow",
    "candle_dir_1",
    "candle_dir_2",
    "candle_dir_3",
    "gk_volatility",
    "parkinson_vol",
    "vol_momentum",
    "vol_acceleration",
    "buying_pressure_avg",
    "buying_pressure_trend",
    "price_acceleration",
    "range_expansion",
    "candle_streak",
    "vol_adj_return",
    "cp_bullish_count",
    "cp_bearish_count",
    "cp_max_bullish_strength",
    "cp_max_bearish_strength",
    "cp_net_direction",
    "cp_volume_confirmations",
    "cp_engulfing",
    "cp_star",
    "cp_pin_or_hammer",
    "cp_three_candle",
    "cp_composite_score",
    "regime_encoded",
    "regime_is_trending",
    "regime_is_ranging"
  ],
  "feature_importance": {
    "return_5": 49.00848177820444,
    "volatility_5": 56.50851732958108,
    "return_10": 40.008445017039776,
    "volatility_10": 47.50815057940781,
    "return_20": 41.50836254749447,
    "volatility_20": 35.008091578260064,
    "return_50": 63.00811849441379,
    "volatility_50": 42.008482322096825,
    "roc_acceleration": 59.00878615025431,
    "price_sma20_ratio": 30.00871874950826,
    "price_sma50_ratio": 40.507877233438194,
    "sma20_sma50_ratio": 64.0078213987872,
    "price_zscore": 35.007553367875516,
    "vol_ratio": 67.50868610385805,
    "atr_pct": 55.50795909203589,
    "bb_width": 61.50833225529641,
    "vol_ratio_20": 55.507884870283306,
    "vol_trend": 36.50848890468478,
    "vwap_deviation": 39.00967380218208,
    "up_down_vol_ratio": 102.50827330350876,
    "rsi_14": 56.50853511225432,
    "macd_hist": 62.008317039348185,
    "bb_pctb": 19.50842036586255,
    "stoch_rsi": 77.5092583829537,
    "hurst": 68.00819962285459,
    "adx_14": 58.00805824622512,
    "trend_r2": 50.50840796623379,
    "trend_p_value": 22.508144548162818,
    "hour_sin": 21.50751866772771,
    "hour_cos": 44.008448536507785,
    "day_of_week": 14.008030844852328,
    "body_ratio": 80.00855216849595,
    "upper_shadow": 73.50849562883377,
    "lower_shadow": 80.5082335555926,
    "candle_dir_1": 10.510027730837464,
    "candle_dir_2": 2.010005196556449,
    "candle_dir_3": 1.5065502971410751,
    "gk_volatility": 38.50847884360701,
    "parkinson_vol": 20.007859059609473,
    "vol_momentum": 69.50853669177741,
    "vol_acceleration": 81.5080183641985,
    "buying_pressure_avg": 83.0087721478194,
    "buying_pressure_trend": 94.50868186540902,
    "price_acceleration": 70.50825540348887,
    "range_expansion": 59.0082734040916,
    "candle_streak": 15.508585900999606,
    "vol_adj_return": 40.50862353760749,
    "cp_bullish_count": 4.00711908377707,
    "cp_bearish_count": 1.5090576400980353,
    "cp_max_bullish_strength": 11.508133609779179,
    "cp_max_bearish_strength": 13.50900880433619,
    "cp_net_direction": 6.507572473958135,
    "cp_volume_confirmations": 1.0066324318759143,
    "cp_engulfing": 8.507338443771005,
    "cp_star": 0.0,
    "cp_pin_or_hammer": 1.510071019642055,
    "cp_three_candle": 5.506233467254788,
    "cp_composite_score": 10.509327343665063,
    "regime_encoded": 1.0101003255695105,
    "regime_is_trending": 2.507639450021088,
    "regime_is_ranging": 3.007771799340844
  },
  "training_metrics": {
    "samples": 5776,
    "features": 61,
    "cv_mean_accuracy": 0.5101871101871102,
    "cv_std": 0.01475066259880811,
    "train_accuracy": 0.8563019390581718,
    "up_ratio": 0.4948060941828255,
    "trained_at": "2026-03-01T18:52:03.080496"
  },
  "timestamp": "20260301_185221"
}