{
  "feature_names": [
    "return_5",
    "volatility_5",
    "return_10",
    "volatility_10",
    "return_20",
    "volatility_20",
    "return_50",
    "volatility_50",
    "roc_acceleration",
    "price_sma20_ratio",
    "price_sma50_ratio",
    "sma20_sma50_ratio",
    "price_zscore",
    "vol_ratio",
    "atr_pct",
    "bb_width",
    "vol_ratio_20",
    "vol_trend",
    "vwap_deviation",
    "up_down_vol_ratio",
    "rsi_14",
    "macd_hist",
    "bb_pctb",
    "stoch_rsi",
    "hurst",
    "adx_14",
    "trend_r2",
    "trend_p_value",
    "hour_sin",
    "hour_cos",
    "day_of_week",
    "body_ratio",
    "upper_shadow",
    "lower_shadow",
    "candle_dir_1",
    "candle_dir_2",
    "candle_dir_3",
    "gk_volatility",
    "parkinson_vol",
    "vol_momentum",
    "vol_acceleration",
    "buying_pressure_avg",
    "buying_pressure_trend",
    "price_acceleration",
    "range_expansion",
    "candle_streak",
    "vol_adj_return",
    "cp_bullish_count",
    "cp_bearish_count",
    "cp_max_bullish_strength",
    "cp_max_bearish_strength",
    "cp_net_direction",
    "cp_volume_confirmations",
    "cp_engulfing",
    "cp_star",
    "cp_pin_or_hammer",
    "cp_three_candle",
    "cp_composite_score",
    "regime_encoded",
    "regime_is_trending",
    "regime_is_ranging"
  ],
  "feature_importance": {
    "return_5": 46.01138366945088,
    "volatility_5": 30.009000588208437,
    "return_10": 32.50860114954412,
    "volatility_10": 25.00973185710609,
    "return_20": 37.00957511365414,
    "volatility_20": 29.509221965447068,
    "return_50": 18.509223910979927,
    "volatility_50": 44.00842844508588,
    "roc_acceleration": 40.00893710833043,
    "price_sma20_ratio": 17.00825994834304,
    "price_sma50_ratio": 25.00841432530433,
    "sma20_sma50_ratio": 38.50825706869364,
    "price_zscore": 19.012087237089872,
    "vol_ratio": 26.008265963755548,
    "atr_pct": 39.50894935335964,
    "bb_width": 29.508316573686898,
    "vol_ratio_20": 97.01013163756579,
    "vol_trend": 37.5085382014513,
    "vwap_deviation": 26.009032701142132,
    "up_down_vol_ratio": 59.00909575633705,
    "rsi_14": 42.008807432837784,
    "macd_hist": 35.00890295486897,
    "bb_pctb": 7.010826855897903,
    "stoch_rsi": 51.00858651287854,
    "hurst": 49.00881866924465,
    "adx_14": 28.509279464371502,
    "trend_r2": 57.00830146949738,
    "trend_p_value": 17.510274041444063,
    "hour_sin": 32.510720857419074,
    "hour_cos": 7.008649327792227,
    "day_of_week": 27.00914959050715,
    "body_ratio": 48.00980472005904,
    "upper_shadow": 76.5097749652341,
    "lower_shadow": 44.50859210733324,
    "candle_dir_1": 3.5105896685272455,
    "candle_dir_2": 4.012380536645651,
    "candle_dir_3": 0.5084226811304688,
    "gk_volatility": 48.510002178139985,
    "parkinson_vol": 26.00991530995816,
    "vol_momentum": 36.50863048620522,
    "vol_acceleration": 22.508290803059936,
    "buying_pressure_avg": 63.509068925864995,
    "buying_pressure_trend": 63.509211737662554,
    "price_acceleration": 47.009975457563996,
    "range_expansion": 57.00927799846977,
    "candle_streak": 47.509218867868185,
    "vol_adj_return": 51.00895340461284,
    "cp_bullish_count": 1.0098463967442513,
    "cp_bearish_count": 6.506402647588402,
    "cp_max_bullish_strength": 18.510106118395925,
    "cp_max_bearish_strength": 5.008969631046057,
    "cp_net_direction": 7.508699030615389,
    "cp_volume_confirmations": 0.0,
    "cp_engulfing": 0.0,
    "cp_star": 0.0,
    "cp_pin_or_hammer": 0.0,
    "cp_three_candle": 0.0,
    "cp_composite_score": 2.5081559978425503,
    "regime_encoded": 0.0,
    "regime_is_trending": 0.0,
    "regime_is_ranging": 0.009940569289028645
  },
  "training_metrics": {
    "samples": 1212,
    "features": 61,
    "cv_mean_accuracy": 0.5316831683168317,
    "cv_std": 0.03803836180653175,
    "train_accuracy": 0.9521452145214522,
    "up_ratio": 0.5082508250825083,
    "trained_at": "2026-03-01T18:53:00.576658"
  },
  "timestamp": "20260301_185303"
}