{
  "feature_names": [
    "return_5",
    "volatility_5",
    "return_10",
    "volatility_10",
    "return_20",
    "volatility_20",
    "return_50",
    "volatility_50",
    "roc_acceleration",
    "price_sma20_ratio",
    "price_sma50_ratio",
    "sma20_sma50_ratio",
    "price_zscore",
    "vol_ratio",
    "atr_pct",
    "bb_width",
    "vol_ratio_20",
    "vol_trend",
    "vwap_deviation",
    "up_down_vol_ratio",
    "rsi_14",
    "macd_hist",
    "bb_pctb",
    "stoch_rsi",
    "hurst",
    "adx_14",
    "trend_r2",
    "trend_p_value",
    "hour_sin",
    "hour_cos",
    "day_of_week",
    "body_ratio",
    "upper_shadow",
    "lower_shadow",
    "candle_dir_1",
    "candle_dir_2",
    "candle_dir_3",
    "gk_volatility",
    "parkinson_vol",
    "vol_momentum",
    "vol_acceleration",
    "buying_pressure_avg",
    "buying_pressure_trend",
    "price_acceleration",
    "range_expansion",
    "candle_streak",
    "vol_adj_return",
    "cp_bullish_count",
    "cp_bearish_count",
    "cp_max_bullish_strength",
    "cp_max_bearish_strength",
    "cp_net_direction",
    "cp_volume_confirmations",
    "cp_engulfing",
    "cp_star",
    "cp_pin_or_hammer",
    "cp_three_candle",
    "cp_composite_score",
    "regime_encoded",
    "regime_is_trending",
    "regime_is_ranging"
  ],
  "feature_importance": {
    "return_5": 42.008808814920485,
    "volatility_5": 39.508277881890535,
    "return_10": 31.508530877530575,
    "volatility_10": 79.50881231855601,
    "return_20": 46.00837808102369,
    "volatility_20": 51.50902978237718,
    "return_50": 49.508066242560744,
    "volatility_50": 88.00825769454241,
    "roc_acceleration": 61.50788014009595,
    "price_sma20_ratio": 17.508874983526766,
    "price_sma50_ratio": 45.50894542783499,
    "sma20_sma50_ratio": 47.00896109919995,
    "price_zscore": 43.00942804478109,
    "vol_ratio": 81.50831589847803,
    "atr_pct": 42.00811265874654,
    "bb_width": 41.50855049490929,
    "vol_ratio_20": 79.5080247586593,
    "vol_trend": 62.50815566070378,
    "vwap_deviation": 59.009361633099616,
    "up_down_vol_ratio": 44.00830787792802,
    "rsi_14": 43.007921383716166,
    "macd_hist": 66.50898768939078,
    "bb_pctb": 26.508873702958226,
    "stoch_rsi": 77.50819420348853,
    "hurst": 63.00853393692523,
    "adx_14": 59.50831181742251,
    "trend_r2": 58.00757978344336,
    "trend_p_value": 24.007642036303878,
    "hour_sin": 54.50814162846655,
    "hour_cos": 52.008500502444804,
    "day_of_week": 19.007791202515364,
    "body_ratio": 59.00785967335105,
    "upper_shadow": 90.50843477156013,
    "lower_shadow": 81.50916804932058,
    "candle_dir_1": 3.507389083504677,
    "candle_dir_2": 7.007674858439714,
    "candle_dir_3": 5.507066031452268,
    "gk_volatility": 36.508158918470144,
    "parkinson_vol": 40.50803332030773,
    "vol_momentum": 107.00889287982136,
    "vol_acceleration": 56.5079659037292,
    "buying_pressure_avg": 75.00864554475993,
    "buying_pressure_trend": 67.50845390185714,
    "price_acceleration": 67.50866482872516,
    "range_expansion": 93.00868406053632,
    "candle_streak": 17.00821979250759,
    "vol_adj_return": 48.508738016709685,
    "cp_bullish_count": 1.0084579475224018,
    "cp_bearish_count": 3.50685509853065,
    "cp_max_bullish_strength": 4.50848438590765,
    "cp_max_bearish_strength": 10.50982557144016,
    "cp_net_direction": 2.0084864357486367,
    "cp_volume_confirmations": 0.0073128086514770985,
    "cp_engulfing": 0.006399832665920258,
    "cp_star": 0.0,
    "cp_pin_or_hammer": 0.007774416357278824,
    "cp_three_candle": 9.007514243014157,
    "cp_composite_score": 10.009080214425921,
    "regime_encoded": 2.0090098632499576,
    "regime_is_trending": 0.5087598226964474,
    "regime_is_ranging": 0.008431361056864262
  },
  "training_metrics": {
    "samples": 4766,
    "features": 61,
    "cv_mean_accuracy": 0.5095717884130982,
    "cv_std": 0.012432204210834307,
    "train_accuracy": 0.8600503566932438,
    "up_ratio": 0.5094418799832144,
    "trained_at": "2026-03-01T18:52:41.971243"
  },
  "timestamp": "20260301_185255"
}