{
  "feature_names": [
    "return_5",
    "volatility_5",
    "return_10",
    "volatility_10",
    "return_20",
    "volatility_20",
    "return_50",
    "volatility_50",
    "roc_acceleration",
    "price_sma20_ratio",
    "price_sma50_ratio",
    "sma20_sma50_ratio",
    "price_zscore",
    "vol_ratio",
    "atr_pct",
    "bb_width",
    "vol_ratio_20",
    "vol_trend",
    "vwap_deviation",
    "up_down_vol_ratio",
    "rsi_14",
    "macd_hist",
    "bb_pctb",
    "stoch_rsi",
    "hurst",
    "adx_14",
    "trend_r2",
    "trend_p_value",
    "hour_sin",
    "hour_cos",
    "day_of_week",
    "body_ratio",
    "upper_shadow",
    "lower_shadow",
    "candle_dir_1",
    "candle_dir_2",
    "candle_dir_3",
    "gk_volatility",
    "parkinson_vol",
    "vol_momentum",
    "vol_acceleration",
    "buying_pressure_avg",
    "buying_pressure_trend",
    "price_acceleration",
    "range_expansion",
    "candle_streak",
    "vol_adj_return"
  ],
  "feature_importance": {
    "return_5": 38.51039082650095,
    "volatility_5": 57.50984834227711,
    "return_10": 37.01095359399915,
    "volatility_10": 47.01213262882084,
    "return_20": 56.01133339013904,
    "volatility_20": 21.510163289494812,
    "return_50": 43.00975714530796,
    "volatility_50": 43.01157683134079,
    "roc_acceleration": 50.010264220647514,
    "price_sma20_ratio": 20.51016764808446,
    "price_sma50_ratio": 35.51194857060909,
    "sma20_sma50_ratio": 29.510491983033717,
    "price_zscore": 15.009503369219601,
    "vol_ratio": 57.51105367951095,
    "atr_pct": 33.51119740959257,
    "bb_width": 31.51118733920157,
    "vol_ratio_20": 70.51093055214733,
    "vol_trend": 26.010569426231086,
    "vwap_deviation": 39.011403635144234,
    "up_down_vol_ratio": 82.01072541996837,
    "rsi_14": 37.01012463402003,
    "macd_hist": 33.011054997332394,
    "bb_pctb": 7.5112040769308805,
    "stoch_rsi": 50.51027095131576,
    "hurst": 81.51059165038168,
    "adx_14": 47.51148556545377,
    "trend_r2": 53.511026876047254,
    "trend_p_value": 42.0105812381953,
    "hour_sin": 20.01094106398523,
    "hour_cos": 23.010713669471443,
    "day_of_week": 32.011543336324394,
    "body_ratio": 76.5109390085563,
    "upper_shadow": 89.51110774278641,
    "lower_shadow": 51.51061901636422,
    "candle_dir_1": 7.510275850072503,
    "candle_dir_2": 0.00902218371629715,
    "candle_dir_3": 3.5081848073750734,
    "gk_volatility": 18.010663411580026,
    "parkinson_vol": 29.511462630704045,
    "vol_momentum": 49.00978113338351,
    "vol_acceleration": 44.01004147995263,
    "buying_pressure_avg": 31.010233653709292,
    "buying_pressure_trend": 74.51181798800826,
    "price_acceleration": 48.00999284349382,
    "range_expansion": 64.51061492227018,
    "candle_streak": 9.01047413609922,
    "vol_adj_return": 37.50963182840496
  },
  "training_metrics": {
    "samples": 1707,
    "features": 47,
    "cv_mean_accuracy": 0.506338028169014,
    "cv_std": 0.021751331283775363,
    "train_accuracy": 0.9396602226127709,
    "up_ratio": 0.4844756883421207,
    "trained_at": "2026-03-01T16:38:05.534885"
  },
  "timestamp": "20260301_163809"
}