{
  "feature_names": [
    "return_5",
    "volatility_5",
    "return_10",
    "volatility_10",
    "return_20",
    "volatility_20",
    "return_50",
    "volatility_50",
    "roc_acceleration",
    "price_sma20_ratio",
    "price_sma50_ratio",
    "sma20_sma50_ratio",
    "price_zscore",
    "vol_ratio",
    "atr_pct",
    "bb_width",
    "vol_ratio_20",
    "vol_trend",
    "vwap_deviation",
    "up_down_vol_ratio",
    "rsi_14",
    "macd_hist",
    "bb_pctb",
    "stoch_rsi",
    "hurst",
    "adx_14",
    "trend_r2",
    "trend_p_value",
    "hour_sin",
    "hour_cos",
    "day_of_week",
    "body_ratio",
    "upper_shadow",
    "lower_shadow",
    "candle_dir_1",
    "candle_dir_2",
    "candle_dir_3",
    "gk_volatility",
    "parkinson_vol",
    "vol_momentum",
    "vol_acceleration",
    "buying_pressure_avg",
    "buying_pressure_trend",
    "price_acceleration",
    "range_expansion",
    "candle_streak",
    "vol_adj_return"
  ],
  "feature_importance": {
    "return_5": 43.50983883533627,
    "volatility_5": 72.01044213306159,
    "return_10": 31.0106951482594,
    "volatility_10": 77.01227515004575,
    "return_20": 36.0109242843464,
    "volatility_20": 55.51162947528064,
    "return_50": 70.01070750132203,
    "volatility_50": 81.01116062980145,
    "roc_acceleration": 46.51105799712241,
    "price_sma20_ratio": 40.511272015050054,
    "price_sma50_ratio": 27.00993251707405,
    "sma20_sma50_ratio": 68.01102345902473,
    "price_zscore": 14.009877791628242,
    "vol_ratio": 79.51102098822594,
    "atr_pct": 46.51083150971681,
    "bb_width": 72.01105280127376,
    "vol_ratio_20": 48.00904711894691,
    "vol_trend": 56.510731930844486,
    "vwap_deviation": 48.512104789726436,
    "up_down_vol_ratio": 49.5095932520926,
    "rsi_14": 58.51107570622116,
    "macd_hist": 56.011035887524486,
    "bb_pctb": 7.510255088098347,
    "stoch_rsi": 76.0109446356073,
    "hurst": 120.51070546172559,
    "adx_14": 91.01165281515568,
    "trend_r2": 64.51049676351249,
    "trend_p_value": 46.0111856488511,
    "hour_sin": 36.510155086405575,
    "hour_cos": 50.51159131992608,
    "day_of_week": 42.511302321217954,
    "body_ratio": 38.00962157174945,
    "upper_shadow": 39.50932631455362,
    "lower_shadow": 41.009614762850106,
    "candle_dir_1": 16.015533320605755,
    "candle_dir_2": 2.006857965607196,
    "candle_dir_3": 0.0122401537373662,
    "gk_volatility": 41.510824805125594,
    "parkinson_vol": 37.010853444226086,
    "vol_momentum": 46.509410553611815,
    "vol_acceleration": 42.51032601390034,
    "buying_pressure_avg": 62.512376436032355,
    "buying_pressure_trend": 58.010233690962195,
    "price_acceleration": 36.508836632594466,
    "range_expansion": 54.00961956568062,
    "candle_streak": 19.009055904112756,
    "vol_adj_return": 44.50964883994311
  },
  "training_metrics": {
    "samples": 4307,
    "features": 47,
    "cv_mean_accuracy": 0.5110181311018132,
    "cv_std": 0.02197438481587853,
    "train_accuracy": 0.900626886463896,
    "up_ratio": 0.5042953331785466,
    "trained_at": "2026-03-01T16:39:07.224930"
  },
  "timestamp": "20260301_163920"
}