{
  "feature_names": [
    "return_5",
    "volatility_5",
    "return_10",
    "volatility_10",
    "return_20",
    "volatility_20",
    "return_50",
    "volatility_50",
    "roc_acceleration",
    "price_sma20_ratio",
    "price_sma50_ratio",
    "sma20_sma50_ratio",
    "price_zscore",
    "vol_ratio",
    "atr_pct",
    "bb_width",
    "vol_ratio_20",
    "vol_trend",
    "vwap_deviation",
    "up_down_vol_ratio",
    "rsi_14",
    "macd_hist",
    "bb_pctb",
    "stoch_rsi",
    "hurst",
    "adx_14",
    "trend_r2",
    "trend_p_value",
    "hour_sin",
    "hour_cos",
    "day_of_week",
    "body_ratio",
    "upper_shadow",
    "lower_shadow",
    "candle_dir_1",
    "candle_dir_2",
    "candle_dir_3",
    "gk_volatility",
    "parkinson_vol",
    "vol_momentum",
    "vol_acceleration",
    "buying_pressure_avg",
    "buying_pressure_trend",
    "price_acceleration",
    "range_expansion",
    "candle_streak",
    "vol_adj_return",
    "cp_bullish_count",
    "cp_bearish_count",
    "cp_max_bullish_strength",
    "cp_max_bearish_strength",
    "cp_net_direction",
    "cp_volume_confirmations",
    "cp_engulfing",
    "cp_star",
    "cp_pin_or_hammer",
    "cp_three_candle",
    "cp_composite_score",
    "regime_encoded",
    "regime_is_trending",
    "regime_is_ranging"
  ],
  "feature_importance": {
    "return_5": 74.00880330055952,
    "volatility_5": 54.008884963579476,
    "return_10": 41.00949645601213,
    "volatility_10": 111.51035412400961,
    "return_20": 56.00854588393122,
    "volatility_20": 49.00796321313828,
    "return_50": 91.5093262726441,
    "volatility_50": 114.50908661540598,
    "roc_acceleration": 66.5082052750513,
    "price_sma20_ratio": 14.508795404806733,
    "price_sma50_ratio": 51.50898081250489,
    "sma20_sma50_ratio": 120.00934509374201,
    "price_zscore": 25.00963772367686,
    "vol_ratio": 90.00987310428172,
    "atr_pct": 40.00866134464741,
    "bb_width": 48.008595555089414,
    "vol_ratio_20": 38.00731759844348,
    "vol_trend": 39.50806063786149,
    "vwap_deviation": 50.511729390360415,
    "up_down_vol_ratio": 87.50851946510375,
    "rsi_14": 42.5090294405818,
    "macd_hist": 76.00901627540588,
    "bb_pctb": 18.00900846812874,
    "stoch_rsi": 94.50969731900841,
    "hurst": 130.00882082711905,
    "adx_14": 72.00853658653796,
    "trend_r2": 71.0085472855717,
    "trend_p_value": 27.008345248177648,
    "hour_sin": 24.00832165312022,
    "hour_cos": 59.508467582054436,
    "day_of_week": 53.508749707601964,
    "body_ratio": 61.508157595060766,
    "upper_shadow": 16.006759935524315,
    "lower_shadow": 34.0067916479893,
    "candle_dir_1": 15.510637561790645,
    "candle_dir_2": 0.005884903017431498,
    "candle_dir_3": 0.0016977678751572967,
    "gk_volatility": 60.50884480495006,
    "parkinson_vol": 52.50817808136344,
    "vol_momentum": 40.50747235072777,
    "vol_acceleration": 76.00860278960317,
    "buying_pressure_avg": 114.51009609550238,
    "buying_pressure_trend": 75.00860738568008,
    "price_acceleration": 48.508251409977674,
    "range_expansion": 70.00849050562829,
    "candle_streak": 21.008667876012623,
    "vol_adj_return": 43.008512143976986,
    "cp_bullish_count": 2.509744026698172,
    "cp_bearish_count": 0.007351660169661045,
    "cp_max_bullish_strength": 4.50675355643034,
    "cp_max_bearish_strength": 15.008931951597333,
    "cp_net_direction": 3.0077571575529873,
    "cp_volume_confirmations": 0.0,
    "cp_engulfing": 5.0073528490029275,
    "cp_star": 0.0,
    "cp_pin_or_hammer": 0.009133496321737766,
    "cp_three_candle": 1.5071442369371653,
    "cp_composite_score": 11.508964823558927,
    "regime_encoded": 10.5092983096838,
    "regime_is_trending": 3.0076530748046935,
    "regime_is_ranging": 1.0075393784791231
  },
  "training_metrics": {
    "samples": 7651,
    "features": 61,
    "cv_mean_accuracy": 0.5141960784313726,
    "cv_std": 0.010482845142966992,
    "train_accuracy": 0.7162462423212652,
    "up_ratio": 0.4988890341131878,
    "trained_at": "2026-03-13T15:02:37.736844"
  },
  "timestamp": "20260313_150317"
}