{
  "feature_names": [
    "return_5",
    "volatility_5",
    "return_10",
    "volatility_10",
    "return_20",
    "volatility_20",
    "return_50",
    "volatility_50",
    "roc_acceleration",
    "price_sma20_ratio",
    "price_sma50_ratio",
    "sma20_sma50_ratio",
    "price_zscore",
    "vol_ratio",
    "atr_pct",
    "bb_width",
    "vol_ratio_20",
    "vol_trend",
    "vwap_deviation",
    "up_down_vol_ratio",
    "rsi_14",
    "macd_hist",
    "bb_pctb",
    "stoch_rsi",
    "hurst",
    "adx_14",
    "trend_r2",
    "trend_p_value",
    "hour_sin",
    "hour_cos",
    "day_of_week",
    "body_ratio",
    "upper_shadow",
    "lower_shadow",
    "candle_dir_1",
    "candle_dir_2",
    "candle_dir_3",
    "gk_volatility",
    "parkinson_vol",
    "vol_momentum",
    "vol_acceleration",
    "buying_pressure_avg",
    "buying_pressure_trend",
    "price_acceleration",
    "range_expansion",
    "candle_streak",
    "vol_adj_return",
    "cp_bullish_count",
    "cp_bearish_count",
    "cp_max_bullish_strength",
    "cp_max_bearish_strength",
    "cp_net_direction",
    "cp_volume_confirmations",
    "cp_engulfing",
    "cp_star",
    "cp_pin_or_hammer",
    "cp_three_candle",
    "cp_composite_score"
  ],
  "feature_importance": {
    "return_5": 45.50888274703175,
    "volatility_5": 72.50803091656417,
    "return_10": 28.00991554930806,
    "volatility_10": 31.00836396124214,
    "return_20": 35.508812193758786,
    "volatility_20": 20.5085517950356,
    "return_50": 51.00847678538412,
    "volatility_50": 36.50864101201296,
    "roc_acceleration": 66.00832126755267,
    "price_sma20_ratio": 21.50889891665429,
    "price_sma50_ratio": 28.008903043344617,
    "sma20_sma50_ratio": 31.008743499405682,
    "price_zscore": 22.009341912344098,
    "vol_ratio": 48.008033111691475,
    "atr_pct": 20.00935330800712,
    "bb_width": 43.009136657230556,
    "vol_ratio_20": 83.00858985632658,
    "vol_trend": 54.008664515800774,
    "vwap_deviation": 23.509285719133914,
    "up_down_vol_ratio": 86.00854884833097,
    "rsi_14": 54.50919277500361,
    "macd_hist": 47.0091772377491,
    "bb_pctb": 12.508119313977659,
    "stoch_rsi": 46.00919867865741,
    "hurst": 99.00849206745625,
    "adx_14": 37.50847927853465,
    "trend_r2": 42.00834737159312,
    "trend_p_value": 38.00849639438093,
    "hour_sin": 25.008580102585256,
    "hour_cos": 18.507750967051834,
    "day_of_week": 30.01047759037465,
    "body_ratio": 68.50836177822202,
    "upper_shadow": 56.009136939421296,
    "lower_shadow": 67.00864581204951,
    "candle_dir_1": 13.514563607983291,
    "candle_dir_2": 3.5078298849985003,
    "candle_dir_3": 5.506847662851214,
    "gk_volatility": 18.008567916229367,
    "parkinson_vol": 14.50882055144757,
    "vol_momentum": 67.00850381609052,
    "vol_acceleration": 52.508455698378384,
    "buying_pressure_avg": 71.50885039195418,
    "buying_pressure_trend": 91.50871456600726,
    "price_acceleration": 56.00827267114073,
    "range_expansion": 29.00856300909072,
    "candle_streak": 18.012428717687726,
    "vol_adj_return": 33.50834036991,
    "cp_bullish_count": 0.5137833179906011,
    "cp_bearish_count": 3.508676097728312,
    "cp_max_bullish_strength": 7.0102228578180075,
    "cp_max_bearish_strength": 17.50962938182056,
    "cp_net_direction": 1.008803871460259,
    "cp_volume_confirmations": 0.005163508001714945,
    "cp_engulfing": 3.008561679162085,
    "cp_star": 0.0,
    "cp_pin_or_hammer": 1.5071972175501287,
    "cp_three_candle": 0.0,
    "cp_composite_score": 16.51125126518309
  },
  "training_metrics": {
    "samples": 3269,
    "features": 58,
    "cv_mean_accuracy": 0.5165441176470588,
    "cv_std": 0.017204939642349423,
    "train_accuracy": 0.890180483328235,
    "up_ratio": 0.4977057204037932,
    "trained_at": "2026-03-01T17:38:14.988798"
  },
  "timestamp": "20260301_173826"
}