{
  "feature_names": [
    "return_5",
    "volatility_5",
    "return_10",
    "volatility_10",
    "return_20",
    "volatility_20",
    "return_50",
    "volatility_50",
    "roc_acceleration",
    "price_sma20_ratio",
    "price_sma50_ratio",
    "sma20_sma50_ratio",
    "price_zscore",
    "vol_ratio",
    "atr_pct",
    "bb_width",
    "vol_ratio_20",
    "vol_trend",
    "vwap_deviation",
    "up_down_vol_ratio",
    "rsi_14",
    "macd_hist",
    "bb_pctb",
    "stoch_rsi",
    "hurst",
    "adx_14",
    "trend_r2",
    "trend_p_value",
    "hour_sin",
    "hour_cos",
    "day_of_week",
    "body_ratio",
    "upper_shadow",
    "lower_shadow",
    "candle_dir_1",
    "candle_dir_2",
    "candle_dir_3",
    "gk_volatility",
    "parkinson_vol",
    "vol_momentum",
    "vol_acceleration",
    "buying_pressure_avg",
    "buying_pressure_trend",
    "price_acceleration",
    "range_expansion",
    "candle_streak",
    "vol_adj_return",
    "cp_bullish_count",
    "cp_bearish_count",
    "cp_max_bullish_strength",
    "cp_max_bearish_strength",
    "cp_net_direction",
    "cp_volume_confirmations",
    "cp_engulfing",
    "cp_star",
    "cp_pin_or_hammer",
    "cp_three_candle",
    "cp_composite_score"
  ],
  "feature_importance": {
    "return_5": 52.01117235887796,
    "volatility_5": 34.008499808609486,
    "return_10": 34.50923427846283,
    "volatility_10": 25.509121558628976,
    "return_20": 34.009220253676176,
    "volatility_20": 34.50876585487276,
    "return_50": 25.50910445302725,
    "volatility_50": 37.009416591376066,
    "roc_acceleration": 36.508713953197,
    "price_sma20_ratio": 17.00965450052172,
    "price_sma50_ratio": 14.509089229628444,
    "sma20_sma50_ratio": 31.509287727996707,
    "price_zscore": 20.011133919470012,
    "vol_ratio": 30.00904011912644,
    "atr_pct": 30.009976418688893,
    "bb_width": 30.50856843870133,
    "vol_ratio_20": 96.01086311694235,
    "vol_trend": 45.008657553233206,
    "vwap_deviation": 22.509058071300387,
    "up_down_vol_ratio": 59.0089296400547,
    "rsi_14": 39.00965637527406,
    "macd_hist": 30.509607335552573,
    "bb_pctb": 10.010282373055816,
    "stoch_rsi": 52.009673377498984,
    "hurst": 50.00990894716233,
    "adx_14": 30.00965901184827,
    "trend_r2": 44.0093703167513,
    "trend_p_value": 27.009233015589416,
    "hour_sin": 38.01050618197769,
    "hour_cos": 6.510372173041105,
    "day_of_week": 23.509575416333973,
    "body_ratio": 60.510436702519655,
    "upper_shadow": 64.51034600753337,
    "lower_shadow": 48.50867946073413,
    "candle_dir_1": 8.0079793529585,
    "candle_dir_2": 4.011463666334748,
    "candle_dir_3": 1.008379596285522,
    "gk_volatility": 49.009892262518406,
    "parkinson_vol": 27.50928834453225,
    "vol_momentum": 32.508556383661926,
    "vol_acceleration": 25.008345247246325,
    "buying_pressure_avg": 73.00862575136125,
    "buying_pressure_trend": 51.508715245872736,
    "price_acceleration": 67.5091373147443,
    "range_expansion": 60.50980795826763,
    "candle_streak": 37.011000448837876,
    "vol_adj_return": 44.50953230634332,
    "cp_bullish_count": 2.00940865278244,
    "cp_bearish_count": 7.507785944268107,
    "cp_max_bullish_strength": 20.51094086561352,
    "cp_max_bearish_strength": 4.511212361976504,
    "cp_net_direction": 6.008283511735499,
    "cp_volume_confirmations": 0.0,
    "cp_engulfing": 0.0,
    "cp_star": 0.0,
    "cp_pin_or_hammer": 0.0,
    "cp_three_candle": 0.0,
    "cp_composite_score": 0.5068302494473755
  },
  "training_metrics": {
    "samples": 1211,
    "features": 58,
    "cv_mean_accuracy": 0.5373134328358209,
    "cv_std": 0.037097217676233335,
    "train_accuracy": 0.9603633360858794,
    "up_ratio": 0.5078447563996696,
    "trained_at": "2026-03-01T17:38:46.985622"
  },
  "timestamp": "20260301_173849"
}