{
  "feature_names": [
    "return_5",
    "volatility_5",
    "return_10",
    "volatility_10",
    "return_20",
    "volatility_20",
    "return_50",
    "volatility_50",
    "roc_acceleration",
    "price_sma20_ratio",
    "price_sma50_ratio",
    "sma20_sma50_ratio",
    "price_zscore",
    "vol_ratio",
    "atr_pct",
    "bb_width",
    "vol_ratio_20",
    "vol_trend",
    "vwap_deviation",
    "up_down_vol_ratio",
    "rsi_14",
    "macd_hist",
    "bb_pctb",
    "stoch_rsi",
    "hurst",
    "adx_14",
    "trend_r2",
    "trend_p_value",
    "hour_sin",
    "hour_cos",
    "day_of_week",
    "body_ratio",
    "upper_shadow",
    "lower_shadow",
    "candle_dir_1",
    "candle_dir_2",
    "candle_dir_3",
    "gk_volatility",
    "parkinson_vol",
    "vol_momentum",
    "vol_acceleration",
    "buying_pressure_avg",
    "buying_pressure_trend",
    "price_acceleration",
    "range_expansion",
    "candle_streak",
    "vol_adj_return",
    "cp_bullish_count",
    "cp_bearish_count",
    "cp_max_bullish_strength",
    "cp_max_bearish_strength",
    "cp_net_direction",
    "cp_volume_confirmations",
    "cp_engulfing",
    "cp_star",
    "cp_pin_or_hammer",
    "cp_three_candle",
    "cp_composite_score",
    "regime_encoded",
    "regime_is_trending",
    "regime_is_ranging"
  ],
  "feature_importance": {
    "return_5": 71.01030699536204,
    "volatility_5": 64.50958779174834,
    "return_10": 26.007839375175536,
    "volatility_10": 73.51029931288213,
    "return_20": 47.00886902026832,
    "volatility_20": 60.5089831603691,
    "return_50": 88.51042141672224,
    "volatility_50": 110.5089523717761,
    "roc_acceleration": 66.00896520167589,
    "price_sma20_ratio": 26.00997031852603,
    "price_sma50_ratio": 54.00923880189657,
    "sma20_sma50_ratio": 97.50871952343732,
    "price_zscore": 25.507704958785325,
    "vol_ratio": 100.01002970710397,
    "atr_pct": 49.508874606341124,
    "bb_width": 40.00803181435913,
    "vol_ratio_20": 27.007291784044355,
    "vol_trend": 34.50866217073053,
    "vwap_deviation": 30.009810984134674,
    "up_down_vol_ratio": 76.509023710154,
    "rsi_14": 47.00878379493952,
    "macd_hist": 72.50893172621727,
    "bb_pctb": 21.00768478307873,
    "stoch_rsi": 76.00853806361556,
    "hurst": 119.0085833594203,
    "adx_14": 98.50874062348157,
    "trend_r2": 84.00947837904096,
    "trend_p_value": 38.50903055910021,
    "hour_sin": 39.50911717861891,
    "hour_cos": 58.50933360401541,
    "day_of_week": 48.009012991562486,
    "body_ratio": 40.00775495637208,
    "upper_shadow": 12.007760554086417,
    "lower_shadow": 33.507713364902884,
    "candle_dir_1": 21.009365576319396,
    "candle_dir_2": 2.0084076914936304,
    "candle_dir_3": 0.5028723585419357,
    "gk_volatility": 99.00953705329448,
    "parkinson_vol": 39.00970680359751,
    "vol_momentum": 56.007293889764696,
    "vol_acceleration": 91.00935064349324,
    "buying_pressure_avg": 63.0089761139825,
    "buying_pressure_trend": 36.00808665715158,
    "price_acceleration": 55.50743658374995,
    "range_expansion": 62.508945574983954,
    "candle_streak": 14.509506006725132,
    "vol_adj_return": 72.50916272588074,
    "cp_bullish_count": 0.007833139039576054,
    "cp_bearish_count": 0.5075388378463686,
    "cp_max_bullish_strength": 1.0074555943720043,
    "cp_max_bearish_strength": 14.509447203017771,
    "cp_net_direction": 7.509325347840786,
    "cp_volume_confirmations": 0.0,
    "cp_engulfing": 7.506923059467226,
    "cp_star": 0.0,
    "cp_pin_or_hammer": 0.0,
    "cp_three_candle": 1.5068690492771566,
    "cp_composite_score": 3.5087868086993694,
    "regime_encoded": 4.009956172667444,
    "regime_is_trending": 1.5065692230127752,
    "regime_is_ranging": 1.5086009306833148
  },
  "training_metrics": {
    "samples": 5089,
    "features": 61,
    "cv_mean_accuracy": 0.5066037735849056,
    "cv_std": 0.01164053082948401,
    "train_accuracy": 0.7522106504224798,
    "up_ratio": 0.4906661426606406,
    "trained_at": "2026-03-13T15:23:11.125478"
  },
  "timestamp": "20260313_152343"
}