{
  "feature_names": [
    "return_5",
    "volatility_5",
    "return_10",
    "volatility_10",
    "return_20",
    "volatility_20",
    "return_50",
    "volatility_50",
    "roc_acceleration",
    "price_sma20_ratio",
    "price_sma50_ratio",
    "sma20_sma50_ratio",
    "price_zscore",
    "vol_ratio",
    "atr_pct",
    "bb_width",
    "vol_ratio_20",
    "vol_trend",
    "vwap_deviation",
    "up_down_vol_ratio",
    "rsi_14",
    "macd_hist",
    "bb_pctb",
    "stoch_rsi",
    "hurst",
    "adx_14",
    "trend_r2",
    "trend_p_value",
    "hour_sin",
    "hour_cos",
    "day_of_week",
    "body_ratio",
    "upper_shadow",
    "lower_shadow",
    "candle_dir_1",
    "candle_dir_2",
    "candle_dir_3",
    "gk_volatility",
    "parkinson_vol",
    "vol_momentum",
    "vol_acceleration",
    "buying_pressure_avg",
    "buying_pressure_trend",
    "price_acceleration",
    "range_expansion",
    "candle_streak",
    "vol_adj_return"
  ],
  "feature_importance": {
    "return_5": 50.01170180924237,
    "volatility_5": 28.509691507555544,
    "return_10": 38.51032634265721,
    "volatility_10": 29.01087134052068,
    "return_20": 36.51110045425594,
    "volatility_20": 38.509636068716645,
    "return_50": 31.510283270850778,
    "volatility_50": 47.51021894067526,
    "roc_acceleration": 41.00946815498173,
    "price_sma20_ratio": 13.011479671113193,
    "price_sma50_ratio": 23.00940205529332,
    "sma20_sma50_ratio": 37.01031193975359,
    "price_zscore": 20.5143109196797,
    "vol_ratio": 26.50948403403163,
    "atr_pct": 34.510774563997984,
    "bb_width": 28.00948999542743,
    "vol_ratio_20": 92.01220669411123,
    "vol_trend": 43.01086186338216,
    "vwap_deviation": 27.510605689138174,
    "up_down_vol_ratio": 67.0100401705131,
    "rsi_14": 44.010872315615416,
    "macd_hist": 40.009780631400645,
    "bb_pctb": 10.512766728177667,
    "stoch_rsi": 47.51048417855054,
    "hurst": 52.51039962284267,
    "adx_14": 37.010511985979974,
    "trend_r2": 44.50939900893718,
    "trend_p_value": 33.510898577049375,
    "hour_sin": 32.51097741816193,
    "hour_cos": 5.511533766053617,
    "day_of_week": 25.012145114131272,
    "body_ratio": 51.01130509003997,
    "upper_shadow": 73.01104136370122,
    "lower_shadow": 53.01033658441156,
    "candle_dir_1": 1.5078399330377579,
    "candle_dir_2": 6.509507740847766,
    "candle_dir_3": 0.5103049809113145,
    "gk_volatility": 46.51112868171185,
    "parkinson_vol": 18.510696889832616,
    "vol_momentum": 44.51001421548426,
    "vol_acceleration": 22.010267226025462,
    "buying_pressure_avg": 57.51006146334112,
    "buying_pressure_trend": 53.51055764127523,
    "price_acceleration": 60.01147967390716,
    "range_expansion": 61.510812987573445,
    "candle_streak": 42.51107809599489,
    "vol_adj_return": 40.01153263542801
  },
  "training_metrics": {
    "samples": 1211,
    "features": 47,
    "cv_mean_accuracy": 0.5472636815920398,
    "cv_std": 0.035179441850076994,
    "train_accuracy": 0.9521056977704376,
    "up_ratio": 0.5078447563996696,
    "trained_at": "2026-03-01T16:48:29.078702"
  },
  "timestamp": "20260301_164834"
}