{
  "feature_names": [
    "return_5",
    "volatility_5",
    "return_10",
    "volatility_10",
    "return_20",
    "volatility_20",
    "return_50",
    "volatility_50",
    "roc_acceleration",
    "price_sma20_ratio",
    "price_sma50_ratio",
    "sma20_sma50_ratio",
    "price_zscore",
    "vol_ratio",
    "atr_pct",
    "bb_width",
    "vol_ratio_20",
    "vol_trend",
    "vwap_deviation",
    "up_down_vol_ratio",
    "rsi_14",
    "macd_hist",
    "bb_pctb",
    "stoch_rsi",
    "hurst",
    "adx_14",
    "trend_r2",
    "trend_p_value",
    "hour_sin",
    "hour_cos",
    "day_of_week",
    "body_ratio",
    "upper_shadow",
    "lower_shadow",
    "candle_dir_1",
    "candle_dir_2",
    "candle_dir_3"
  ],
  "feature_importance": {
    "return_5": 76.51277866121382,
    "volatility_5": 59.01233916170895,
    "return_10": 49.51320619136095,
    "volatility_10": 30.511413383297622,
    "return_20": 41.513437911868095,
    "volatility_20": 41.51324735023081,
    "return_50": 61.51369264908135,
    "volatility_50": 75.01430554874241,
    "roc_acceleration": 62.514538816176355,
    "price_sma20_ratio": 18.514288243837655,
    "price_sma50_ratio": 45.01468598470092,
    "sma20_sma50_ratio": 43.01353130303323,
    "price_zscore": 31.015211190097034,
    "vol_ratio": 60.51328761782497,
    "atr_pct": 42.01313979458064,
    "bb_width": 44.51356934942305,
    "vol_ratio_20": 81.51441319193691,
    "vol_trend": 71.51328983623534,
    "vwap_deviation": 44.01366871315986,
    "up_down_vol_ratio": 62.013853770680726,
    "rsi_14": 59.51409979816526,
    "macd_hist": 44.013429136015475,
    "bb_pctb": 21.01587711274624,
    "stoch_rsi": 80.01449708361179,
    "hurst": 48.013306635431945,
    "adx_14": 46.01514829415828,
    "trend_r2": 46.51219356711954,
    "trend_p_value": 23.01350037753582,
    "hour_sin": 42.51253431849182,
    "hour_cos": 29.512949420139194,
    "day_of_week": 27.01310451515019,
    "body_ratio": 80.51388356555253,
    "upper_shadow": 94.01417788304389,
    "lower_shadow": 76.51352818217129,
    "candle_dir_1": 14.011629531159997,
    "candle_dir_2": 5.014272872358561,
    "candle_dir_3": 0.009969022125005722
  },
  "training_metrics": {
    "samples": 1513,
    "features": 37,
    "cv_mean_accuracy": 0.5055555555555555,
    "cv_std": 0.027332024377337404,
    "train_accuracy": 0.9940515532055518,
    "up_ratio": 0.4996695307336418,
    "trained_at": "2026-03-01T14:04:50.468831"
  },
  "timestamp": "20260301_140454"
}