{
  "feature_names": [
    "return_5",
    "volatility_5",
    "return_10",
    "volatility_10",
    "return_20",
    "volatility_20",
    "return_50",
    "volatility_50",
    "roc_acceleration",
    "price_sma20_ratio",
    "price_sma50_ratio",
    "sma20_sma50_ratio",
    "price_zscore",
    "vol_ratio",
    "atr_pct",
    "bb_width",
    "vol_ratio_20",
    "vol_trend",
    "vwap_deviation",
    "up_down_vol_ratio",
    "rsi_14",
    "macd_hist",
    "bb_pctb",
    "stoch_rsi",
    "hurst",
    "adx_14",
    "trend_r2",
    "trend_p_value",
    "hour_sin",
    "hour_cos",
    "day_of_week",
    "body_ratio",
    "upper_shadow",
    "lower_shadow",
    "candle_dir_1",
    "candle_dir_2",
    "candle_dir_3",
    "gk_volatility",
    "parkinson_vol",
    "vol_momentum",
    "vol_acceleration",
    "buying_pressure_avg",
    "buying_pressure_trend",
    "price_acceleration",
    "range_expansion",
    "candle_streak",
    "vol_adj_return"
  ],
  "feature_importance": {
    "return_5": 43.51112683583051,
    "volatility_5": 71.5100337183103,
    "return_10": 37.51134541258216,
    "volatility_10": 34.01087574660778,
    "return_20": 36.01123924087733,
    "volatility_20": 27.01025109551847,
    "return_50": 52.5105722816661,
    "volatility_50": 36.51022476609796,
    "roc_acceleration": 70.51075123995543,
    "price_sma20_ratio": 17.011099715717137,
    "price_sma50_ratio": 28.50995938293636,
    "sma20_sma50_ratio": 29.010310704819858,
    "price_zscore": 25.011519090272486,
    "vol_ratio": 53.010316350497305,
    "atr_pct": 31.0107655050233,
    "bb_width": 45.010746519081295,
    "vol_ratio_20": 84.51053548138589,
    "vol_trend": 45.50997260119766,
    "vwap_deviation": 27.01143952086568,
    "up_down_vol_ratio": 96.50999869871885,
    "rsi_14": 57.01070544682443,
    "macd_hist": 53.51196894329041,
    "bb_pctb": 12.51046003587544,
    "stoch_rsi": 57.010720970109105,
    "hurst": 90.01016304641962,
    "adx_14": 42.50984209869057,
    "trend_r2": 39.01000742986798,
    "trend_p_value": 42.009423612616956,
    "hour_sin": 25.009245498105884,
    "hour_cos": 17.509645550511777,
    "day_of_week": 19.511400872841477,
    "body_ratio": 79.51022509485483,
    "upper_shadow": 60.510516609065235,
    "lower_shadow": 69.01044178009033,
    "candle_dir_1": 11.518359921872616,
    "candle_dir_2": 8.507554987445474,
    "candle_dir_3": 6.0101879285648465,
    "gk_volatility": 24.00991591345519,
    "parkinson_vol": 16.51053923368454,
    "vol_momentum": 70.01032265275717,
    "vol_acceleration": 50.01006785966456,
    "buying_pressure_avg": 62.5116866575554,
    "buying_pressure_trend": 102.51000833697617,
    "price_acceleration": 54.010379060171545,
    "range_expansion": 40.51015815977007,
    "candle_streak": 17.513036428019404,
    "vol_adj_return": 33.009931959211826
  },
  "training_metrics": {
    "samples": 3269,
    "features": 47,
    "cv_mean_accuracy": 0.5154411764705883,
    "cv_std": 0.02195440974534356,
    "train_accuracy": 0.9018048332823494,
    "up_ratio": 0.4977057204037932,
    "trained_at": "2026-03-01T16:50:28.520375"
  },
  "timestamp": "20260301_165037"
}