{
  "feature_names": [
    "return_5",
    "volatility_5",
    "return_10",
    "volatility_10",
    "return_20",
    "volatility_20",
    "return_50",
    "volatility_50",
    "roc_acceleration",
    "price_sma20_ratio",
    "price_sma50_ratio",
    "sma20_sma50_ratio",
    "price_zscore",
    "vol_ratio",
    "atr_pct",
    "bb_width",
    "vol_ratio_20",
    "vol_trend",
    "vwap_deviation",
    "up_down_vol_ratio",
    "rsi_14",
    "macd_hist",
    "bb_pctb",
    "stoch_rsi",
    "hurst",
    "adx_14",
    "trend_r2",
    "trend_p_value",
    "hour_sin",
    "hour_cos",
    "day_of_week",
    "body_ratio",
    "upper_shadow",
    "lower_shadow",
    "candle_dir_1",
    "candle_dir_2",
    "candle_dir_3",
    "gk_volatility",
    "parkinson_vol",
    "vol_momentum",
    "vol_acceleration",
    "buying_pressure_avg",
    "buying_pressure_trend",
    "price_acceleration",
    "range_expansion",
    "candle_streak",
    "vol_adj_return",
    "cp_bullish_count",
    "cp_bearish_count",
    "cp_max_bullish_strength",
    "cp_max_bearish_strength",
    "cp_net_direction",
    "cp_volume_confirmations",
    "cp_engulfing",
    "cp_star",
    "cp_pin_or_hammer",
    "cp_three_candle",
    "cp_composite_score",
    "regime_encoded",
    "regime_is_trending",
    "regime_is_ranging"
  ],
  "feature_importance": {
    "return_5": 35.00862935371697,
    "volatility_5": 27.00778932729736,
    "return_10": 36.009142943657935,
    "volatility_10": 106.00910837575793,
    "return_20": 34.00922250095755,
    "volatility_20": 50.5086481757462,
    "return_50": 40.50858226232231,
    "volatility_50": 111.00915658846498,
    "roc_acceleration": 40.50778059242293,
    "price_sma20_ratio": 21.509212295524776,
    "price_sma50_ratio": 41.009893361479044,
    "sma20_sma50_ratio": 42.50918065570295,
    "price_zscore": 48.00942808855325,
    "vol_ratio": 71.00912362802774,
    "atr_pct": 37.50827440433204,
    "bb_width": 36.50799335632473,
    "vol_ratio_20": 87.50848879572004,
    "vol_trend": 68.50854237284511,
    "vwap_deviation": 67.01000547874719,
    "up_down_vol_ratio": 35.00839775893837,
    "rsi_14": 31.00815102364868,
    "macd_hist": 111.50858325418085,
    "bb_pctb": 27.009073975495994,
    "stoch_rsi": 70.50867807678878,
    "hurst": 70.00816653389484,
    "adx_14": 57.008457572199404,
    "trend_r2": 53.50783452112228,
    "trend_p_value": 29.007531519513577,
    "hour_sin": 33.50791579671204,
    "hour_cos": 44.50882549025118,
    "day_of_week": 16.508453845977783,
    "body_ratio": 66.00801020581275,
    "upper_shadow": 112.50910744164139,
    "lower_shadow": 115.00990622490644,
    "candle_dir_1": 2.0080582946538925,
    "candle_dir_2": 11.50718223489821,
    "candle_dir_3": 5.009406655095518,
    "gk_volatility": 34.007620533462614,
    "parkinson_vol": 60.50816994253546,
    "vol_momentum": 118.50876142177731,
    "vol_acceleration": 70.50850877165794,
    "buying_pressure_avg": 85.00865865405649,
    "buying_pressure_trend": 70.00818089116365,
    "price_acceleration": 54.50830102432519,
    "range_expansion": 117.00894263293594,
    "candle_streak": 13.508921670727432,
    "vol_adj_return": 58.008878101594746,
    "cp_bullish_count": 0.0069161346182227135,
    "cp_bearish_count": 1.5091329775750637,
    "cp_max_bullish_strength": 7.008979036472738,
    "cp_max_bearish_strength": 12.008015952073038,
    "cp_net_direction": 4.007982924580574,
    "cp_volume_confirmations": 0.0,
    "cp_engulfing": 0.0059092044830322266,
    "cp_star": 0.0,
    "cp_pin_or_hammer": 0.005703174974769354,
    "cp_three_candle": 9.50844152085483,
    "cp_composite_score": 14.508522431366146,
    "regime_encoded": 1.5083950823172927,
    "regime_is_trending": 0.008895759470760822,
    "regime_is_ranging": 1.5082191936671734
  },
  "training_metrics": {
    "samples": 4766,
    "features": 61,
    "cv_mean_accuracy": 0.5173803526448364,
    "cv_std": 0.008138788121613826,
    "train_accuracy": 0.7280738564834243,
    "up_ratio": 0.5094418799832144,
    "trained_at": "2026-03-13T15:19:23.354832"
  },
  "timestamp": "20260313_151941"
}