{
  "feature_names": [
    "return_5",
    "volatility_5",
    "return_10",
    "volatility_10",
    "return_20",
    "volatility_20",
    "return_50",
    "volatility_50",
    "roc_acceleration",
    "price_sma20_ratio",
    "price_sma50_ratio",
    "sma20_sma50_ratio",
    "price_zscore",
    "vol_ratio",
    "atr_pct",
    "bb_width",
    "vol_ratio_20",
    "vol_trend",
    "vwap_deviation",
    "up_down_vol_ratio",
    "rsi_14",
    "macd_hist",
    "bb_pctb",
    "stoch_rsi",
    "hurst",
    "adx_14",
    "trend_r2",
    "trend_p_value",
    "hour_sin",
    "hour_cos",
    "day_of_week",
    "body_ratio",
    "upper_shadow",
    "lower_shadow",
    "candle_dir_1",
    "candle_dir_2",
    "candle_dir_3"
  ],
  "feature_importance": {
    "return_5": 56.012666899710894,
    "volatility_5": 51.01201860886067,
    "return_10": 38.51437187753618,
    "volatility_10": 26.511920324526727,
    "return_20": 39.01429933309555,
    "volatility_20": 56.51371018122882,
    "return_50": 41.51317156851292,
    "volatility_50": 58.51295551285148,
    "roc_acceleration": 67.01217732299119,
    "price_sma20_ratio": 15.513719525188208,
    "price_sma50_ratio": 29.014211300760508,
    "sma20_sma50_ratio": 55.01253517065197,
    "price_zscore": 28.01462098583579,
    "vol_ratio": 46.51315479539335,
    "atr_pct": 47.01372136268765,
    "bb_width": 67.51362999808043,
    "vol_ratio_20": 94.5156345050782,
    "vol_trend": 73.51186017133296,
    "vwap_deviation": 33.51131463330239,
    "up_down_vol_ratio": 66.01548777427524,
    "rsi_14": 54.51430345606059,
    "macd_hist": 51.51318189315498,
    "bb_pctb": 16.514429186470807,
    "stoch_rsi": 64.51324159186333,
    "hurst": 63.01298470236361,
    "adx_14": 40.51338357105851,
    "trend_r2": 55.51221639756113,
    "trend_p_value": 16.51317300554365,
    "hour_sin": 26.016265485435724,
    "hour_cos": 29.516983224079013,
    "day_of_week": 32.01616965048015,
    "body_ratio": 69.51386342849582,
    "upper_shadow": 88.51298309862614,
    "lower_shadow": 57.01289976667613,
    "candle_dir_1": 18.51164194662124,
    "candle_dir_2": 16.01540742814541,
    "candle_dir_3": 6.009690345264971
  },
  "training_metrics": {
    "samples": 990,
    "features": 37,
    "cv_mean_accuracy": 0.5066666666666666,
    "cv_std": 0.03806137810450322,
    "train_accuracy": 0.996969696969697,
    "up_ratio": 0.5070707070707071,
    "trained_at": "2026-03-01T14:05:10.086339"
  },
  "timestamp": "20260301_140512"
}