{
  "feature_names": [
    "return_5",
    "volatility_5",
    "return_10",
    "volatility_10",
    "return_20",
    "volatility_20",
    "return_50",
    "volatility_50",
    "roc_acceleration",
    "price_sma20_ratio",
    "price_sma50_ratio",
    "sma20_sma50_ratio",
    "price_zscore",
    "vol_ratio",
    "atr_pct",
    "bb_width",
    "vol_ratio_20",
    "vol_trend",
    "vwap_deviation",
    "up_down_vol_ratio",
    "rsi_14",
    "macd_hist",
    "bb_pctb",
    "stoch_rsi",
    "hurst",
    "adx_14",
    "trend_r2",
    "trend_p_value",
    "hour_sin",
    "hour_cos",
    "day_of_week",
    "body_ratio",
    "upper_shadow",
    "lower_shadow",
    "candle_dir_1",
    "candle_dir_2",
    "candle_dir_3",
    "gk_volatility",
    "parkinson_vol",
    "vol_momentum",
    "vol_acceleration",
    "buying_pressure_avg",
    "buying_pressure_trend",
    "price_acceleration",
    "range_expansion",
    "candle_streak",
    "vol_adj_return",
    "cp_bullish_count",
    "cp_bearish_count",
    "cp_max_bullish_strength",
    "cp_max_bearish_strength",
    "cp_net_direction",
    "cp_volume_confirmations",
    "cp_engulfing",
    "cp_star",
    "cp_pin_or_hammer",
    "cp_three_candle",
    "cp_composite_score",
    "regime_encoded",
    "regime_is_trending",
    "regime_is_ranging"
  ],
  "feature_importance": {
    "return_5": 38.00887108966708,
    "volatility_5": 99.0111419185996,
    "return_10": 68.01013401616365,
    "volatility_10": 55.50856076832861,
    "return_20": 69.00889991596341,
    "volatility_20": 81.00910955574363,
    "return_50": 70.009471305646,
    "volatility_50": 82.00912087131292,
    "roc_acceleration": 87.00920186750591,
    "price_sma20_ratio": 35.51036421395838,
    "price_sma50_ratio": 85.51200858596712,
    "sma20_sma50_ratio": 111.5101482020691,
    "price_zscore": 15.50925971660763,
    "vol_ratio": 121.50978804845363,
    "atr_pct": 61.509873676113784,
    "bb_width": 78.50978683214635,
    "vol_ratio_20": 22.00779105629772,
    "vol_trend": 36.50981452409178,
    "vwap_deviation": 67.01192102767527,
    "up_down_vol_ratio": 77.50840727891773,
    "rsi_14": 49.508574231527746,
    "macd_hist": 61.50804697256535,
    "bb_pctb": 15.50962460692972,
    "stoch_rsi": 102.00922275148332,
    "hurst": 117.50829552486539,
    "adx_14": 106.00926831644028,
    "trend_r2": 66.00868378207088,
    "trend_p_value": 57.508882778696716,
    "hour_sin": 131.01079656276852,
    "hour_cos": 233.51257536374032,
    "day_of_week": 125.5105961188674,
    "body_ratio": 31.00772897573188,
    "upper_shadow": 16.007539512589574,
    "lower_shadow": 28.007106689736247,
    "candle_dir_1": 39.51615930534899,
    "candle_dir_2": 0.5050715678371489,
    "candle_dir_3": 0.0015346205327659845,
    "gk_volatility": 42.50880793388933,
    "parkinson_vol": 40.50838902499527,
    "vol_momentum": 48.50798289850354,
    "vol_acceleration": 66.00958329811692,
    "buying_pressure_avg": 90.01004812214524,
    "buying_pressure_trend": 55.00729821342975,
    "price_acceleration": 92.50949473492801,
    "range_expansion": 136.0096036568284,
    "candle_streak": 34.011661681346595,
    "vol_adj_return": 85.00922341272235,
    "cp_bullish_count": 0.5064035328105092,
    "cp_bearish_count": 0.0,
    "cp_max_bullish_strength": 2.0053979656659067,
    "cp_max_bearish_strength": 1.0073714260943234,
    "cp_net_direction": 0.5,
    "cp_volume_confirmations": 0.0,
    "cp_engulfing": 0.006247456185519695,
    "cp_star": 0.0,
    "cp_pin_or_hammer": 0.0,
    "cp_three_candle": 17.50741136074066,
    "cp_composite_score": 0.5070208101533353,
    "regime_encoded": 16.009778490290046,
    "regime_is_trending": 1.5068489545956254,
    "regime_is_ranging": 1.508044890128076
  },
  "training_metrics": {
    "samples": 32873,
    "features": 61,
    "cv_mean_accuracy": 0.5561153705732019,
    "cv_std": 0.01324481243584444,
    "train_accuracy": 0.645271195205792,
    "up_ratio": 0.49971100903477017,
    "trained_at": "2026-03-13T15:44:32.609762"
  },
  "timestamp": "20260313_154725"
}