{
  "feature_names": [
    "return_5",
    "volatility_5",
    "return_10",
    "volatility_10",
    "return_20",
    "volatility_20",
    "return_50",
    "volatility_50",
    "roc_acceleration",
    "price_sma20_ratio",
    "price_sma50_ratio",
    "sma20_sma50_ratio",
    "price_zscore",
    "vol_ratio",
    "atr_pct",
    "bb_width",
    "vol_ratio_20",
    "vol_trend",
    "vwap_deviation",
    "up_down_vol_ratio",
    "rsi_14",
    "macd_hist",
    "bb_pctb",
    "stoch_rsi",
    "hurst",
    "adx_14",
    "trend_r2",
    "trend_p_value",
    "hour_sin",
    "hour_cos",
    "day_of_week",
    "body_ratio",
    "upper_shadow",
    "lower_shadow",
    "candle_dir_1",
    "candle_dir_2",
    "candle_dir_3",
    "gk_volatility",
    "parkinson_vol",
    "vol_momentum",
    "vol_acceleration",
    "buying_pressure_avg",
    "buying_pressure_trend",
    "price_acceleration",
    "range_expansion",
    "candle_streak",
    "vol_adj_return",
    "cp_bullish_count",
    "cp_bearish_count",
    "cp_max_bullish_strength",
    "cp_max_bearish_strength",
    "cp_net_direction",
    "cp_volume_confirmations",
    "cp_engulfing",
    "cp_star",
    "cp_pin_or_hammer",
    "cp_three_candle",
    "cp_composite_score"
  ],
  "feature_importance": {
    "return_5": 28.0097965458408,
    "volatility_5": 27.008899614214897,
    "return_10": 22.509302326478064,
    "volatility_10": 28.0087246382609,
    "return_20": 38.00903574936092,
    "volatility_20": 26.0090436860919,
    "return_50": 67.50946193095297,
    "volatility_50": 55.51000452134758,
    "roc_acceleration": 32.008532501757145,
    "price_sma20_ratio": 16.50919994711876,
    "price_sma50_ratio": 35.00951638445258,
    "sma20_sma50_ratio": 19.50906540825963,
    "price_zscore": 26.010866951197386,
    "vol_ratio": 54.008697006851435,
    "atr_pct": 25.009108185768127,
    "bb_width": 36.00896168127656,
    "vol_ratio_20": 102.01007030159235,
    "vol_trend": 57.509211857803166,
    "vwap_deviation": 17.50964184012264,
    "up_down_vol_ratio": 38.50847634579986,
    "rsi_14": 31.009436963126063,
    "macd_hist": 29.008843093179166,
    "bb_pctb": 9.509265552274883,
    "stoch_rsi": 44.509596545249224,
    "hurst": 58.5090540824458,
    "adx_14": 66.00945242121816,
    "trend_r2": 31.50883887615055,
    "trend_p_value": 13.509035032242537,
    "hour_sin": 34.50879418198019,
    "hour_cos": 23.008515442721546,
    "day_of_week": 11.508563603274524,
    "body_ratio": 49.008809357881546,
    "upper_shadow": 75.50978782400489,
    "lower_shadow": 67.01067244913429,
    "candle_dir_1": 7.008508992381394,
    "candle_dir_2": 6.0105386124923825,
    "candle_dir_3": 0.006337906699627638,
    "gk_volatility": 46.009637063369155,
    "parkinson_vol": 14.508299217559397,
    "vol_momentum": 51.009626851417124,
    "vol_acceleration": 53.00885812845081,
    "buying_pressure_avg": 67.50982370972633,
    "buying_pressure_trend": 95.50988024752587,
    "price_acceleration": 47.50941561535001,
    "range_expansion": 36.00942024961114,
    "candle_streak": 19.008955364115536,
    "vol_adj_return": 34.00931776314974,
    "cp_bullish_count": 0.0,
    "cp_bearish_count": 5.506452806759626,
    "cp_max_bullish_strength": 5.509471205994487,
    "cp_max_bearish_strength": 11.010733474045992,
    "cp_net_direction": 1.0084463777020574,
    "cp_volume_confirmations": 0.0,
    "cp_engulfing": 14.01002128329128,
    "cp_star": 0.0,
    "cp_pin_or_hammer": 3.006492757704109,
    "cp_three_candle": 2.0074530583806336,
    "cp_composite_score": 6.008026449009776
  },
  "training_metrics": {
    "samples": 2214,
    "features": 58,
    "cv_mean_accuracy": 0.5176151761517616,
    "cv_std": 0.00873957479490359,
    "train_accuracy": 0.8992773261065944,
    "up_ratio": 0.5040650406504065,
    "trained_at": "2026-03-01T17:38:35.122624"
  },
  "timestamp": "20260301_173841"
}