{
  "feature_names": [
    "return_5",
    "volatility_5",
    "return_10",
    "volatility_10",
    "return_20",
    "volatility_20",
    "return_50",
    "volatility_50",
    "roc_acceleration",
    "price_sma20_ratio",
    "price_sma50_ratio",
    "sma20_sma50_ratio",
    "price_zscore",
    "vol_ratio",
    "atr_pct",
    "bb_width",
    "vol_ratio_20",
    "vol_trend",
    "vwap_deviation",
    "up_down_vol_ratio",
    "rsi_14",
    "macd_hist",
    "bb_pctb",
    "stoch_rsi",
    "hurst",
    "adx_14",
    "trend_r2",
    "trend_p_value",
    "hour_sin",
    "hour_cos",
    "day_of_week",
    "body_ratio",
    "upper_shadow",
    "lower_shadow",
    "candle_dir_1",
    "candle_dir_2",
    "candle_dir_3"
  ],
  "feature_importance": {
    "return_5": 64.01256931107491,
    "volatility_5": 82.01383646763861,
    "return_10": 44.01476401090622,
    "volatility_10": 51.01366988942027,
    "return_20": 56.01441790536046,
    "volatility_20": 47.51393726281822,
    "return_50": 55.51300347223878,
    "volatility_50": 51.01502183731645,
    "roc_acceleration": 76.01316285599023,
    "price_sma20_ratio": 37.51471159979701,
    "price_sma50_ratio": 41.01374965067953,
    "sma20_sma50_ratio": 42.51202183868736,
    "price_zscore": 27.01271414477378,
    "vol_ratio": 65.01365998387337,
    "atr_pct": 50.013788763433695,
    "bb_width": 55.5143396416679,
    "vol_ratio_20": 103.01411966886371,
    "vol_trend": 55.01303975097835,
    "vwap_deviation": 52.014332133345306,
    "up_down_vol_ratio": 87.51422811951488,
    "rsi_14": 53.01430124044418,
    "macd_hist": 38.013493780978024,
    "bb_pctb": 14.01176609378308,
    "stoch_rsi": 69.0139524359256,
    "hurst": 80.5128844352439,
    "adx_14": 55.513300127349794,
    "trend_r2": 49.01443350315094,
    "trend_p_value": 39.01270611677319,
    "hour_sin": 29.511596033349633,
    "hour_cos": 34.51243950333446,
    "day_of_week": 29.51400542445481,
    "body_ratio": 87.01380711141974,
    "upper_shadow": 84.51435486320406,
    "lower_shadow": 75.51451381016523,
    "candle_dir_1": 13.51441056933254,
    "candle_dir_2": 8.010339865460992,
    "candle_dir_3": 8.012606758624315
  },
  "training_metrics": {
    "samples": 1707,
    "features": 37,
    "cv_mean_accuracy": 0.5204225352112676,
    "cv_std": 0.029493509283622453,
    "train_accuracy": 0.9906268306971294,
    "up_ratio": 0.4844756883421207,
    "trained_at": "2026-03-01T14:06:55.759595"
  },
  "timestamp": "20260301_140703"
}