{
  "feature_names": [
    "return_5",
    "volatility_5",
    "return_10",
    "volatility_10",
    "return_20",
    "volatility_20",
    "return_50",
    "volatility_50",
    "roc_acceleration",
    "price_sma20_ratio",
    "price_sma50_ratio",
    "sma20_sma50_ratio",
    "price_zscore",
    "vol_ratio",
    "atr_pct",
    "bb_width",
    "vol_ratio_20",
    "vol_trend",
    "vwap_deviation",
    "up_down_vol_ratio",
    "rsi_14",
    "macd_hist",
    "bb_pctb",
    "stoch_rsi",
    "hurst",
    "adx_14",
    "trend_r2",
    "trend_p_value",
    "hour_sin",
    "hour_cos",
    "day_of_week",
    "body_ratio",
    "upper_shadow",
    "lower_shadow",
    "candle_dir_1",
    "candle_dir_2",
    "candle_dir_3",
    "gk_volatility",
    "parkinson_vol",
    "vol_momentum",
    "vol_acceleration",
    "buying_pressure_avg",
    "buying_pressure_trend",
    "price_acceleration",
    "range_expansion",
    "candle_streak",
    "vol_adj_return"
  ],
  "feature_importance": {
    "return_5": 28.51085916161537,
    "volatility_5": 23.510056041181087,
    "return_10": 27.01027452480048,
    "volatility_10": 32.010894952341914,
    "return_20": 46.51027853693813,
    "volatility_20": 31.511221705935895,
    "return_50": 62.01169348694384,
    "volatility_50": 59.010695287026465,
    "roc_acceleration": 42.50999063253403,
    "price_sma20_ratio": 23.01066625583917,
    "price_sma50_ratio": 33.51030015852302,
    "sma20_sma50_ratio": 29.5100510828197,
    "price_zscore": 28.510940949432552,
    "vol_ratio": 62.00964981690049,
    "atr_pct": 19.5105987964198,
    "bb_width": 39.010361538268626,
    "vol_ratio_20": 91.01205962151289,
    "vol_trend": 69.0114397117868,
    "vwap_deviation": 21.51153761986643,
    "up_down_vol_ratio": 38.00967928674072,
    "rsi_14": 34.51100470405072,
    "macd_hist": 31.50999556761235,
    "bb_pctb": 9.01060996670276,
    "stoch_rsi": 55.01012432295829,
    "hurst": 54.01125414390117,
    "adx_14": 67.01091598067433,
    "trend_r2": 22.010140884667635,
    "trend_p_value": 18.510228809900582,
    "hour_sin": 33.01049547176808,
    "hour_cos": 27.509780826978385,
    "day_of_week": 17.50970671698451,
    "body_ratio": 52.01010256353766,
    "upper_shadow": 83.01099512539804,
    "lower_shadow": 75.01156339235604,
    "candle_dir_1": 11.010626772418618,
    "candle_dir_2": 5.008751388639212,
    "candle_dir_3": 0.008766639046370983,
    "gk_volatility": 36.011106649413705,
    "parkinson_vol": 19.51094976719469,
    "vol_momentum": 68.51078766770661,
    "vol_acceleration": 58.01089440193027,
    "buying_pressure_avg": 75.51226006634533,
    "buying_pressure_trend": 90.01188197918236,
    "price_acceleration": 49.01104812603444,
    "range_expansion": 48.01164291147143,
    "candle_streak": 20.511327599175274,
    "vol_adj_return": 39.009788372553885
  },
  "training_metrics": {
    "samples": 2214,
    "features": 47,
    "cv_mean_accuracy": 0.5094850948509485,
    "cv_std": 0.014644180039139625,
    "train_accuracy": 0.9024390243902439,
    "up_ratio": 0.5040650406504065,
    "trained_at": "2026-03-01T16:45:25.080113"
  },
  "timestamp": "20260301_164530"
}