{
  "saved_at": "2026-04-01T03:28:36.959071",
  "version": "200e",
  "defense_mode": false,
  "defense_mode_start": 14225,
  "consecutive_losses": 1,
  "loss_streak_max": 13,
  "win_count": 1657,
  "loss_count": 1559,
  "recent_pnls": [
    10.396975208522433,
    -35.1065868472811,
    12.945753188062442,
    110.87175965590585,
    8.984222781974776,
    116.7419099461237,
    19.559251938739624,
    25.66381965681453,
    15.744845937136665,
    -38.21624895002243,
    -54.729352815737556,
    21.324100855873198,
    23.242530586028096,
    3.5739466326469085,
    19.50986131535412,
    -5.364254720086947,
    -40.832984812266844,
    -41.6616500595708,
    0.925956878850606,
    15.265829843369257,
    9.848890983728287,
    15.444471171959686,
    77.50022218402479,
    10.637336695958773,
    9.897068790777514,
    11.442498949818457,
    10.048011456479573,
    15.387939157514506,
    -14.983038687430778,
    -23.857564571623378,
    -37.67910957630212,
    -31.70086056399892,
    -36.056503467545525,
    -32.33294974013884,
    95.63589199723076,
    1.7743486250242504,
    -0.1834651973520407,
    -39.98267405577592,
    -22.50515583404863,
    5.652974367957371,
    8.748456533136416,
    -39.761263318283696,
    77.82347701408867,
    -53.987489324413204,
    -53.52628802911133,
    9.538585921290178,
    16.281087364628494,
    7.129679527390386,
    10.330658041438001,
    -1.25647985053816
  ],
  "risk_multiplier": 1.4490000000000003,
  "confidence_threshold": 0.3199999999999999,
  "aggression_level": 1.9569999999999999,
  "evolution_count": 643,
  "total_decisions": 310,
  "override_count": 0,
  "hold_count": 0
}