{
  "saved_at": "2026-04-03T16:37:04.243805",
  "version": "200e",
  "defense_mode": false,
  "defense_mode_start": 1907,
  "consecutive_losses": 1,
  "loss_streak_max": 13,
  "win_count": 1640,
  "loss_count": 1580,
  "recent_pnls": [
    58.50269191552013,
    -43.025867837128644,
    -16.25245558533025,
    -32.080569179411,
    -39.552800554054556,
    -40.41232375156156,
    -55.541021322864665,
    -49.789123067366276,
    -77.6731581545942,
    -88.76275255412408,
    -61.755138490547985,
    -104.90686429133477,
    -147.4139014968932,
    114.25245861011632,
    46.83702179466836,
    225.92218268878128,
    1.5546255909129345,
    85.88477836519384,
    14.306315680243205,
    26.024717650596614,
    122.41274569354059,
    -12.718244137080099,
    116.33817333153122,
    -63.514433041392955,
    -51.66941820838803,
    -52.81233145109674,
    -79.13372040158471,
    51.52261965636649,
    -44.6245876868677,
    -69.26326588112512,
    -28.592635516938095,
    14.883531648258398,
    -94.07813205906152,
    -51.333785093936825,
    -51.00609878392593,
    -71.07393324084563,
    114.57928011089643,
    -69.0334866901298,
    -53.88634663072052,
    -50.563048722987396,
    -71.2780810388815,
    -65.830561162464,
    46.356886580033645,
    -40.547570122114536,
    -44.39512780692062,
    -70.27745425378318,
    47.74230286271808,
    -40.81639909874453,
    61.63175200379138,
    -7.2622764298653415
  ],
  "risk_multiplier": 0.7920028215549959,
  "confidence_threshold": 0.36499999999999994,
  "aggression_level": 1.34776739997046,
  "evolution_count": 644,
  "total_decisions": 310,
  "override_count": 0,
  "hold_count": 0
}