{
  "saved_at": "2026-03-31T13:18:47.812439",
  "version": "200e",
  "defense_mode": false,
  "defense_mode_start": 0,
  "consecutive_losses": 1,
  "loss_streak_max": 4,
  "win_count": 96,
  "loss_count": 49,
  "recent_pnls": [
    0.9089625278089314,
    -5.3015046073072885,
    -6.344116733471032,
    -8.351402495206537,
    2.0998516226523973,
    2.6357112248439925,
    7.6905708125922025,
    1.7743929074016667,
    14.972368965922021,
    2.823485302772206,
    -8.262745678211294,
    4.246932539000756,
    2.0356312429604597,
    0.5359094408028995,
    1.0079561645972888,
    -8.200046047523912,
    7.031337859352478,
    -10.417295523845661,
    -6.563433216291363,
    5.464778467242973,
    5.525164641578986,
    3.7844736513364703,
    0.8988247730290757,
    -5.576932670823593,
    -6.272739238752451,
    -8.258852837424561,
    2.076285445403244,
    2.6058319837605266,
    7.603388113208089,
    2.778620608324099,
    2.0058513805902614,
    0.9931568709738623,
    -8.079701362132202,
    7.031240896557224,
    -10.28231620026684,
    -6.4174523488538515,
    5.4656289304779335,
    5.526186409674587,
    3.7857781603221725,
    0.8990899184150637,
    -5.385867370241837,
    -6.274682386168866,
    -8.261107141696328,
    2.0768462956993794,
    2.606630999224249,
    7.605719508600041,
    2.779891310881217,
    2.006595079681546,
    0.9935432587831747,
    -8.082911121798906
  ],
  "risk_multiplier": 1.5,
  "confidence_threshold": 0.2749999999999999,
  "aggression_level": 1.820298238417743,
  "evolution_count": 29,
  "total_decisions": 310,
  "override_count": 0,
  "hold_count": 0
}