{
  "saved_at": "2026-04-01T03:26:20.449095",
  "version": "200e",
  "defense_mode": false,
  "defense_mode_start": 14225,
  "consecutive_losses": 0,
  "loss_streak_max": 13,
  "win_count": 1603,
  "loss_count": 1520,
  "recent_pnls": [
    2.4969980221156636,
    1.764876236094186,
    1.7518079874726333,
    -5.863178707662982,
    4.942847373172218,
    -11.569546096527281,
    -8.4114409458596,
    3.9140397526018287,
    -5.558646318227856,
    3.28314354537489,
    1.6485360262632995,
    4.0681399763841375,
    1.546831668354523,
    1.4385091545009823,
    -5.594272034764835,
    -19.611734431871994,
    -10.229083912534469,
    -6.6964304775290735,
    0.4023629945705872,
    0.7567776678656786,
    2.763503522304093,
    2.2270279660218755,
    -13.421349519900952,
    1.7948291279558424,
    1.704128048152344,
    17.516886912918174,
    -8.39211370395755,
    -10.826201746022075,
    -13.611177716725901,
    -8.329511121900058,
    1.2650589973336552,
    1.4850097507257187,
    1.5577287159462037,
    2.366206689603649,
    1.547279638625422,
    2.8324225915842938,
    3.078468640097734,
    -10.993039762125102,
    1.891345954411452,
    -7.571700406545972,
    3.8708008826308102,
    2.151266138516278,
    -7.102930062231688,
    -9.578835631543013,
    2.123041162396722,
    -13.516328651090163,
    -8.40410694134147,
    -10.794971017066418,
    2.7028040283274777,
    1.9980451611155456
  ],
  "risk_multiplier": 1.5,
  "confidence_threshold": 0.3149999999999999,
  "aggression_level": 2.0,
  "evolution_count": 624,
  "total_decisions": 310,
  "override_count": 0,
  "hold_count": 0
}