{
  "saved_at": "2026-03-28T19:47:47.918462",
  "version": "200e",
  "summary": {
    "deactivated": [],
    "strategies": {
      "GridV2": {
        "status": "active",
        "trades": 50,
        "win_rate": 0.68,
        "total_pnl": 45.51763914068885,
        "avg_pnl": 0.910352782813777,
        "sharpe": 0.1276310303945322,
        "consecutive_losses": 1,
        "calibrated_confidence": 0.46946565359532766
      }
    },
    "pairs": {
      "BNBUSDT": {
        "trades": 50,
        "win_rate": 0.68,
        "pnl": 45.51763914068885
      }
    },
    "regimes": {
      "RANGING": {
        "trades": 50,
        "win_rate": 0.68,
        "pnl": 45.51763914068885
      }
    }
  },
  "deactivated": [],
  "confidence_ema": {
    "GridV2": 0.46946565359532766
  },
  "windows": {
    "strategy:GridV2": {
      "pnls": [
        1.0397453136175816,
        -6.000436806735297,
        -6.388070426578565,
        -7.926847061855172,
        2.40319675793274,
        3.016523677098207,
        8.80171876490677,
        2.030731183911638,
        17.135096669469785,
        3.2309720958499493,
        -9.462912675383295,
        4.8596439378749725,
        2.3291519266801872,
        0.6131621934010805,
        1.1532556915038958,
        -7.828685000187013,
        8.035639382767041,
        6.2764770067077995,
        3.639385261814307,
        -10.573036983588977,
        6.333607186949679,
        4.338311219060077,
        8.44931935352831,
        1.0325007450928996,
        -7.217767995899602,
        -9.501924716086048,
        2.3890836392675934,
        2.097254285350172,
        16.99150698776094,
        3.2039481812122577,
        2.31276386226023,
        1.1451177811376645,
        -9.315867662825246,
        8.035655129093099,
        -3.2264033391188116,
        3.630025710727168,
        -10.545845886006532,
        6.317318798728155,
        4.327202239080375,
        8.427383022209302,
        1.61056499840485,
        -7.199134409397373,
        -9.479082455944724,
        2.7888992308442155,
        2.0920918590488364,
        16.949682110736887,
        -6.399888735794232,
        -2.3313278288030674,
        1.1383133765341,
        -9.26037845566996
      ],
      "outcomes": [
        1,
        0,
        0,
        0,
        1,
        1,
        1,
        1,
        1,
        1,
        0,
        1,
        1,
        1,
        1,
        0,
        1,
        1,
        1,
        0,
        1,
        1,
        1,
        1,
        0,
        0,
        1,
        1,
        1,
        1,
        1,
        1,
        0,
        1,
        0,
        1,
        0,
        1,
        1,
        1,
        1,
        0,
        0,
        1,
        1,
        1,
        0,
        0,
        1,
        0
      ]
    },
    "pair:BNBUSDT": {
      "pnls": [
        1.0397453136175816,
        -6.000436806735297,
        -6.388070426578565,
        -7.926847061855172,
        2.40319675793274,
        3.016523677098207,
        8.80171876490677,
        2.030731183911638,
        17.135096669469785,
        3.2309720958499493,
        -9.462912675383295,
        4.8596439378749725,
        2.3291519266801872,
        0.6131621934010805,
        1.1532556915038958,
        -7.828685000187013,
        8.035639382767041,
        6.2764770067077995,
        3.639385261814307,
        -10.573036983588977,
        6.333607186949679,
        4.338311219060077,
        8.44931935352831,
        1.0325007450928996,
        -7.217767995899602,
        -9.501924716086048,
        2.3890836392675934,
        2.097254285350172,
        16.99150698776094,
        3.2039481812122577,
        2.31276386226023,
        1.1451177811376645,
        -9.315867662825246,
        8.035655129093099,
        -3.2264033391188116,
        3.630025710727168,
        -10.545845886006532,
        6.317318798728155,
        4.327202239080375,
        8.427383022209302,
        1.61056499840485,
        -7.199134409397373,
        -9.479082455944724,
        2.7888992308442155,
        2.0920918590488364,
        16.949682110736887,
        -6.399888735794232,
        -2.3313278288030674,
        1.1383133765341,
        -9.26037845566996
      ],
      "outcomes": [
        1,
        0,
        0,
        0,
        1,
        1,
        1,
        1,
        1,
        1,
        0,
        1,
        1,
        1,
        1,
        0,
        1,
        1,
        1,
        0,
        1,
        1,
        1,
        1,
        0,
        0,
        1,
        1,
        1,
        1,
        1,
        1,
        0,
        1,
        0,
        1,
        0,
        1,
        1,
        1,
        1,
        0,
        0,
        1,
        1,
        1,
        0,
        0,
        1,
        0
      ]
    },
    "regime:RANGING": {
      "pnls": [
        1.0397453136175816,
        -6.000436806735297,
        -6.388070426578565,
        -7.926847061855172,
        2.40319675793274,
        3.016523677098207,
        8.80171876490677,
        2.030731183911638,
        17.135096669469785,
        3.2309720958499493,
        -9.462912675383295,
        4.8596439378749725,
        2.3291519266801872,
        0.6131621934010805,
        1.1532556915038958,
        -7.828685000187013,
        8.035639382767041,
        6.2764770067077995,
        3.639385261814307,
        -10.573036983588977,
        6.333607186949679,
        4.338311219060077,
        8.44931935352831,
        1.0325007450928996,
        -7.217767995899602,
        -9.501924716086048,
        2.3890836392675934,
        2.097254285350172,
        16.99150698776094,
        3.2039481812122577,
        2.31276386226023,
        1.1451177811376645,
        -9.315867662825246,
        8.035655129093099,
        -3.2264033391188116,
        3.630025710727168,
        -10.545845886006532,
        6.317318798728155,
        4.327202239080375,
        8.427383022209302,
        1.61056499840485,
        -7.199134409397373,
        -9.479082455944724,
        2.7888992308442155,
        2.0920918590488364,
        16.949682110736887,
        -6.399888735794232,
        -2.3313278288030674,
        1.1383133765341,
        -9.26037845566996
      ],
      "outcomes": [
        1,
        0,
        0,
        0,
        1,
        1,
        1,
        1,
        1,
        1,
        0,
        1,
        1,
        1,
        1,
        0,
        1,
        1,
        1,
        0,
        1,
        1,
        1,
        1,
        0,
        0,
        1,
        1,
        1,
        1,
        1,
        1,
        0,
        1,
        0,
        1,
        0,
        1,
        1,
        1,
        1,
        0,
        0,
        1,
        1,
        1,
        0,
        0,
        1,
        0
      ]
    },