{
  "saved_at": "2026-04-05T16:20:56.966483",
  "version": "200e",
  "defense_mode": false,
  "defense_mode_start": 11495,
  "consecutive_losses": 1,
  "loss_streak_max": 16,
  "win_count": 1947,
  "loss_count": 2057,
  "recent_pnls": [
    20.73961264612672,
    -19.605775640358708,
    12.25961386303953,
    -36.24138995830749,
    -16.793262647821205,
    -28.212151248992726,
    -26.35230558120838,
    4.456547046386608,
    -25.968563344444817,
    22.87387548962432,
    -14.050652557486623,
    3.5642573507831052,
    -17.701867430213742,
    7.2426131662970334,
    -30.387284175437,
    -1.7729026101982757,
    -20.684882839151882,
    -12.613765986306026,
    13.680471273127335,
    6.363369799833524,
    -11.809141221919221,
    -10.51658407586079,
    -11.817908149072258,
    -8.274054710887903,
    -9.282671124064457,
    -20.04002204621576,
    15.120355741928797,
    -11.606081297663781,
    25.747480142222457,
    -12.916286567746633,
    -17.748016279522638,
    19.522742596009873,
    -17.67988791756108,
    4.75378975719074,
    -18.995866168476983,
    -18.92574512123368,
    -17.586559325632763,
    -9.026443363406283,
    44.26090069878863,
    -12.259240369908461,
    -26.293979423226745,
    -7.095992748384443,
    4.335470691533537,
    -18.737700956433564,
    -16.456196707855867,
    31.99509957856729,
    -27.924653197304362,
    -24.51822047202098,
    20.191883622044006,
    -9.287454315578735
  ],
  "risk_multiplier": 0.5,
  "confidence_threshold": 0.45,
  "aggression_level": 0.5,
  "evolution_count": 800,
  "total_decisions": 310,
  "override_count": 0,
  "hold_count": 0
}