{
  "saved_at": "2026-03-28T11:22:52.201336",
  "version": "200e",
  "summary": {
    "deactivated": [],
    "strategies": {
      "GridV2": {
        "status": "active",
        "trades": 47,
        "win_rate": 0.7021276595744681,
        "total_pnl": 92.7762581937502,
        "avg_pnl": 1.9739629402925574,
        "sharpe": 0.20159720371792986,
        "consecutive_losses": 1,
        "calibrated_confidence": 0.69756012009594
      },
      "MomentumHTF": {
        "status": "active",
        "trades": 3,
        "win_rate": 0.3333333333333333,
        "total_pnl": -35.54391990677104,
        "avg_pnl": -11.847973302257012,
        "sharpe": 0.0,
        "consecutive_losses": 2,
        "calibrated_confidence": 0.3840000000000001
      }
    },
    "pairs": {
      "BNBUSDT": {
        "trades": 50,
        "win_rate": 0.68,
        "pnl": 57.23233828697916
      }
    },
    "regimes": {
      "RANGING": {
        "trades": 48,
        "win_rate": 0.7083333333333334,
        "pnl": 100.62042236053428
      },
      "TRENDING_DOWN": {
        "trades": 2,
        "win_rate": 0.0,
        "pnl": -43.38808407355512
      }
    }
  },
  "deactivated": [],
  "confidence_ema": {
    "GridV2": 0.69756012009594,
    "MomentumHTF": 0.3840000000000001
  },
  "windows": {
    "strategy:GridV2": {
      "pnls": [
        8.035775914726198,
        -11.64332793881536,
        -9.699418444657482,
        -7.385980958739822,
        19.15247410820575,
        2.3523034534036578,
        6.25911019163359,
        3.6290549125236318,
        -8.555669711045246,
        6.318753494413483,
        35.50036416519155,
        3.5470666082905966,
        4.368990517657339,
        8.509409306763716,
        1.0397453136175816,
        -6.000436806735297,
        -6.388070426578565,
        -7.926847061855172,
        2.40319675793274,
        3.016523677098207,
        8.80171876490677,
        2.030731183911638,
        17.135096669469785,
        3.2309720958499493,
        -9.462912675383295,
        4.8596439378749725,
        2.3291519266801872,
        0.6131621934010805,
        1.1532556915038958,
        -7.828685000187013,
        6.125239223854149,
        2.2345101095532383,
        2.4880960137071204,
        2.7584302148856166,
        -9.293324272110466,
        4.989535962291393,
        -14.33378678112323,
        -11.398154198439771,
        -7.6218977910619445,
        11.16110143255614,
        8.611840529837458,
        3.4574941215896473,
        18.779304831586625,
        6.7490352709099755,
        5.681755816340575,
        10.511346488057558,
        -17.519420639742957
      ],
      "outcomes": [
        1,
        0,
        0,
        0,
        1,
        1,
        1,
        1,
        0,
        1,
        1,
        1,
        1,
        1,
        1,
        0,
        0,
        0,
        1,
        1,
        1,
        1,
        1,
        1,
        0,
        1,
        1,
        1,
        1,
        0,
        1,
        1,
        1,
        1,
        0,
        1,
        0,
        0,
        0,
        1,
        1,
        1,
        1,
        1,
        1,
        1,
        0
      ]
    },
    "strategy:MomentumHTF": {
      "pnls": [
        7.844164166784083,
        -12.3485208157833,
        -31.03956325777182
      ],
      "outcomes": [
        1,
        0,
        0
      ]
    },
    "pair:BNBUSDT": {
      "pnls": [
        8.035775914726198,
        -11.64332793881536,
        -9.699418444657482,
        -7.385980958739822,
        19.15247410820575,
        2.3523034534036578,
        6.25911019163359,
        3.6290549125236318,
        -8.555669711045246,
        6.318753494413483,
        35.50036416519155,
        3.5470666082905966,
        4.368990517657339,
        8.509409306763716,
        1.0397453136175816,
        -6.000436806735297,
        -6.388070426578565,
        -7.926847061855172,
        2.40319675793274,
        3.016523677098207,
        8.80171876490677,
        2.030731183911638,
        17.135096669469785,
        3.2309720958499493,
        -9.462912675383295,
        4.8596439378749725,
        2.3291519266801872,
        0.6131621934010805,
        1.1532556915038958,
        -7.828685000187013,
        6.125239223854149,
        2.2345101095532383,
        2.4880960137071204,
        2.7584302148856166,
        -9.293324272110466,
        4.989535962291393,
        -14.33378678112323,
        -11.398154198439771,
        -7.6218977910619445,
        11.16110143255614,
        8.611840529837458,
        7.844164166784083,
        3.4574941215896473,
        18.779304831586625,
        6.7490352709099755,
        5.681755816340575,
        -12.3485208157833,
        -31.03956325777182,
        10.511346488057558,
        -17.519420639742957
      ],
      "outcomes": [
        1,
        0,
        0,
        0,
        1,
        1,
        1,
        1,
        0,
        1,
        1,
        1,
        1,
        1,
        1,
        0,
        0,
        0,
        1,
        1,
        1,
        1,
        1,
        1,
        0,
        1,
        1,
        1,
        1,
        0,
        1,
        1,
        1,
        1,
        0,
        1,
        0,
        0,
        0,
        1,
        1,
        1,
        1,
        1,
        1,
        1,
        0,
        0,
        1,
        0
      ]
    },
    "regime:RANGING": {
      "pnls": [
        8.035775914726198,
        -11.64332793881536,
        -9.699418444657482,
        -7.385980958739822,
        19.15247410820575,
        2.3523034534036578,
        6.25911019163359,
        3.6290549125236318,
        -8.555669711045246,
        6.318753494413483,
        35.50036416519155,
        3.5470666082905966,
        4.368990517657339,
        8.509409306763716,
        1.0397453136175816,
        -6.000436806735297,
        -6.388070426578565,
        -7.926847061855172,
        2.40319675793274,
        3.016523677098207,
        8.80171876490677,
        2.030731183911638,
        17.135096669469785,
        3.2309720958499493,
        -9.462912675383295,
        4.8596439378749725,
        2.3291519266801872,
        0.6131621934010805,
        1.1532556915038958,
        -7.828685000187013,
        6.125239223854149,
        2.2345101095532383,
        2.4880960137071204,
        2.7584302148856166,
        -9.293324272110466,
        4.989535962291393,
        -14.33378678112323,
        -11.398154198439771,
        -7.6218977910619445,
        11.16110143255614,
        8.611840529837458,
        7.844164166784083,
        3.4574941215896473,
        18.779304831586625,
        6.7490352709099755,
        5.681755816340575,
        10.511346488057558,
        -17.519420639742957
      ],
      "outcomes": [
        1,
        0,
        0,
        0,
        1,
        1,
        1,
        1,
        0,
        1,
        1,
        1,
        1,
        1,
        1,
        0,
        0,
        0,
        1,
        1,
        1,
        1,
        1,
        1,
        0,
        1,
        1,
        1,
        1,
        0,
        1,
        1,
        1,
        1,
        0,
        1,
        0,
        0,
        0,
        1,
        1,
        1,
        1,
        1,
        1,
        1,
        1,
        0
      ]
    },
    "regime:TRENDING_DOWN": {
      "pnls": [
        -12.3485208157833,
        -31.03956325777182
      ],
      "outcomes": [
        0,
        0
      ]
    },