{
  "saved_at": "2026-03-31T13:09:54.227431",
  "version": "200e",
  "summary": {
    "deactivated": [],
    "strategies": {
      "GridV2": {
        "status": "active",
        "trades": 50,
        "win_rate": 0.66,
        "total_pnl": 32.17128116985097,
        "avg_pnl": 0.6434256233970195,
        "sharpe": 0.08081761551167897,
        "consecutive_losses": 1,
        "calibrated_confidence": 0.6750037878320824
      }
    },
    "pairs": {
      "BNBUSDT": {
        "trades": 50,
        "win_rate": 0.66,
        "pnl": 32.17128116985097
      }
    },
    "regimes": {
      "RANGING": {
        "trades": 50,
        "win_rate": 0.66,
        "pnl": 32.17128116985097
      }
    }
  },
  "deactivated": [],
  "confidence_ema": {
    "GridV2": 0.6750037878320824
  },
  "windows": {
    "strategy:GridV2": {
      "pnls": [
        -8.283552105448841,
        1.5959351150996346,
        -9.170848222546663,
        7.032754965202804,
        -10.62940355051931,
        -10.740577763720148,
        -6.659580387380493,
        16.749697495998497,
        2.0574631570014827,
        5.4745420507523175,
        3.174385963043012,
        -9.222134446603683,
        5.524370821807004,
        31.037436475533013,
        3.101191803600616,
        3.81986407909704,
        7.439019583769701,
        0.9089625278089314,
        -5.3015046073072885,
        -6.344116733471032,
        -8.351402495206537,
        2.0998516226523973,
        2.6357112248439925,
        7.6905708125922025,
        1.7743929074016667,
        14.972368965922021,
        2.823485302772206,
        -8.262745678211294,
        4.246932539000756,
        2.0356312429604597,
        0.5359094408028995,
        1.0079561645972888,
        -8.200046047523912,
        7.031337859352478,
        -10.417295523845661,
        -6.563433216291363,
        5.464778467242973,
        5.525164641578986,
        3.7844736513364703,
        0.8988247730290757,
        -5.576932670823593,
        -6.272739238752451,
        -8.258852837424561,
        2.076285445403244,
        2.6058319837605266,
        7.603388113208089,
        2.778620608324099,
        2.0058513805902614,
        0.9931568709738623,
        -8.079701362132202
      ],
      "outcomes": [
        0,
        1,
        0,
        1,
        0,
        0,
        0,
        1,
        1,
        1,
        1,
        0,
        1,
        1,
        1,
        1,
        1,
        1,
        0,
        0,
        0,
        1,
        1,
        1,
        1,
        1,
        1,
        0,
        1,
        1,
        1,
        1,
        0,
        1,
        0,
        0,
        1,
        1,
        1,
        1,
        0,
        0,
        0,
        1,
        1,
        1,
        1,
        1,
        1,
        0
      ]
    },
    "pair:BNBUSDT": {
      "pnls": [
        -8.283552105448841,
        1.5959351150996346,
        -9.170848222546663,
        7.032754965202804,
        -10.62940355051931,
        -10.740577763720148,
        -6.659580387380493,
        16.749697495998497,
        2.0574631570014827,
        5.4745420507523175,
        3.174385963043012,
        -9.222134446603683,
        5.524370821807004,
        31.037436475533013,
        3.101191803600616,
        3.81986407909704,
        7.439019583769701,
        0.9089625278089314,
        -5.3015046073072885,
        -6.344116733471032,
        -8.351402495206537,
        2.0998516226523973,
        2.6357112248439925,
        7.6905708125922025,
        1.7743929074016667,
        14.972368965922021,
        2.823485302772206,
        -8.262745678211294,
        4.246932539000756,
        2.0356312429604597,
        0.5359094408028995,
        1.0079561645972888,
        -8.200046047523912,
        7.031337859352478,
        -10.417295523845661,
        -6.563433216291363,
        5.464778467242973,
        5.525164641578986,
        3.7844736513364703,
        0.8988247730290757,
        -5.576932670823593,
        -6.272739238752451,
        -8.258852837424561,
        2.076285445403244,
        2.6058319837605266,
        7.603388113208089,
        2.778620608324099,
        2.0058513805902614,
        0.9931568709738623,
        -8.079701362132202
      ],
      "outcomes": [
        0,
        1,
        0,
        1,
        0,
        0,
        0,
        1,
        1,
        1,
        1,
        0,
        1,
        1,
        1,
        1,
        1,
        1,
        0,
        0,
        0,
        1,
        1,
        1,
        1,
        1,
        1,
        0,
        1,
        1,
        1,
        1,
        0,
        1,
        0,
        0,
        1,
        1,
        1,
        1,
        0,
        0,
        0,
        1,
        1,
        1,
        1,
        1,
        1,
        0
      ]
    },
    "regime:RANGING": {
      "pnls": [
        -8.283552105448841,
        1.5959351150996346,
        -9.170848222546663,
        7.032754965202804,
        -10.62940355051931,
        -10.740577763720148,
        -6.659580387380493,
        16.749697495998497,
        2.0574631570014827,
        5.4745420507523175,
        3.174385963043012,
        -9.222134446603683,
        5.524370821807004,
        31.037436475533013,
        3.101191803600616,
        3.81986407909704,
        7.439019583769701,
        0.9089625278089314,
        -5.3015046073072885,
        -6.344116733471032,
        -8.351402495206537,
        2.0998516226523973,
        2.6357112248439925,
        7.6905708125922025,
        1.7743929074016667,
        14.972368965922021,
        2.823485302772206,
        -8.262745678211294,
        4.246932539000756,
        2.0356312429604597,
        0.5359094408028995,
        1.0079561645972888,
        -8.200046047523912,
        7.031337859352478,
        -10.417295523845661,
        -6.563433216291363,
        5.464778467242973,
        5.525164641578986,
        3.7844736513364703,
        0.8988247730290757,
        -5.576932670823593,
        -6.272739238752451,
        -8.258852837424561,
        2.076285445403244,
        2.6058319837605266,
        7.603388113208089,
        2.778620608324099,
        2.0058513805902614,
        0.9931568709738623,
        -8.079701362132202
      ],
      "outcomes": [
        0,
        1,
        0,
        1,
        0,
        0,
        0,
        1,
        1,
        1,
        1,
        0,
        1,
        1,
        1,
        1,
        1,
        1,
        0,
        0,
        0,
        1,
        1,
        1,
        1,
        1,
        1,
        0,
        1,
        1,
        1,
        1,
        0,
        1,
        0,
        0,
        1,
        1,
        1,
        1,
        0,
        0,
        0,
        1,
        1,
        1,
        1,
        1,
        1,
        0
      ]
    },