{
  "saved_at": "2026-04-06T00:32:22.367160",
  "version": "200e",
  "defense_mode": false,
  "defense_mode_start": 11495,
  "consecutive_losses": 1,
  "loss_streak_max": 16,
  "win_count": 1947,
  "loss_count": 2057,
  "recent_pnls": [
    59.256036131790644,
    -56.0165018295963,
    35.02746818011295,
    -103.54682845230712,
    -47.98075042234631,
    -80.6061464256935,
    -75.29230166059537,
    12.732991561104596,
    -74.19589526984235,
    65.35392997035522,
    -40.144721592818925,
    10.183592430808872,
    -50.576764086324985,
    20.693180475134387,
    -86.82081192982004,
    -5.065436029137933,
    -59.09966525471969,
    -36.0393313894458,
    39.087060780363835,
    18.18105657095294,
    -33.740403491197796,
    -30.047383073887982,
    -33.76545185449219,
    -23.640156316822594,
    -26.521917497327042,
    -57.257205846330784,
    43.2010164055109,
    -33.16023227903939,
    73.56422897777853,
    -36.90367590784756,
    -50.708617941493294,
    55.77926456002827,
    -50.51396547874599,
    13.582256449116414,
    -54.27390333850574,
    -54.073557489239136,
    -50.24731235895081,
    -25.952766543506492,
    126.45750850085682,
    -35.025789552768295,
    -75.12434392292096,
    -20.273911039623354,
    12.386842860719797,
    -53.53535379024858,
    -47.01688402677287,
    91.41297427445186,
    -79.78333050909292,
    -70.05083549624493,
    57.690088870080885,
    -26.53512049057241
  ],
  "risk_multiplier": 0.5,
  "confidence_threshold": 0.45,
  "aggression_level": 0.5,
  "evolution_count": 800,
  "total_decisions": 310,
  "override_count": 0,
  "hold_count": 0
}