{
  "saved_at": "2026-04-01T03:27:59.440780",
  "version": "200e",
  "defense_mode": false,
  "defense_mode_start": 839,
  "consecutive_losses": 0,
  "loss_streak_max": 13,
  "win_count": 1790,
  "loss_count": 1677,
  "recent_pnls": [
    2.4263942586031573,
    -10.397873540466033,
    -8.031294977143766,
    6.6068630267307284,
    -26.434887873830185,
    3.9867549226992356,
    58.561695320458476,
    -18.354070003119638,
    8.542102901227908,
    5.962877150099146,
    -21.053485323630053,
    -17.220197913447443,
    -15.233771963800269,
    3.8546556538842562,
    5.822317869163101,
    -21.85217765447963,
    4.869386145836373,
    -19.611729407594982,
    2.374285254648198,
    -6.976438719408417,
    2.4107091985095157,
    3.1298539324160113,
    -25.794428892224317,
    5.922649839158663,
    4.366595776519839,
    -14.332634444296195,
    -20.1231489407475,
    3.8229902609860624,
    28.248013081409685,
    29.52360328686241,
    -27.590430667659817,
    5.0330364178369855,
    -16.610142793435294,
    -23.931868483142626,
    4.231481475700322,
    -23.292677879044167,
    -18.5423090548704,
    4.120533315307714,
    4.045994661207362,
    -12.880840934361414,
    -12.541158210793691,
    4.205951145622181,
    -17.20818518295248,
    -16.31813310355096,
    5.036311899546025,
    4.717949558674822,
    -9.483940898800771,
    3.235970056933497,
    -11.469290277826182,
    28.820210192844076
  ],
  "risk_multiplier": 1.5,
  "confidence_threshold": 0.36999999999999994,
  "aggression_level": 2.0,
  "evolution_count": 693,
  "total_decisions": 310,
  "override_count": 0,
  "hold_count": 0
}