{
  "saved_at": "2026-03-28T11:22:52.201336",
  "version": "200e",
  "defense_mode": false,
  "defense_mode_start": 0,
  "consecutive_losses": 1,
  "loss_streak_max": 3,
  "win_count": 34,
  "loss_count": 16,
  "recent_pnls": [
    8.035775914726198,
    -11.64332793881536,
    -9.699418444657482,
    -7.385980958739822,
    19.15247410820575,
    2.3523034534036578,
    6.25911019163359,
    3.6290549125236318,
    -8.555669711045246,
    6.318753494413483,
    35.50036416519155,
    3.5470666082905966,
    4.368990517657339,
    8.509409306763716,
    1.0397453136175816,
    -6.000436806735297,
    -6.388070426578565,
    -7.926847061855172,
    2.40319675793274,
    3.016523677098207,
    8.80171876490677,
    2.030731183911638,
    17.135096669469785,
    3.2309720958499493,
    -9.462912675383295,
    4.8596439378749725,
    2.3291519266801872,
    0.6131621934010805,
    1.1532556915038958,
    -7.828685000187013,
    6.125239223854149,
    2.2345101095532383,
    2.4880960137071204,
    2.7584302148856166,
    -9.293324272110466,
    4.989535962291393,
    -14.33378678112323,
    -11.398154198439771,
    -7.6218977910619445,
    11.16110143255614,
    8.611840529837458,
    7.844164166784083,
    3.4574941215896473,
    18.779304831586625,
    6.7490352709099755,
    5.681755816340575,
    -12.3485208157833,
    -31.03956325777182,
    10.511346488057558,
    -17.519420639742957
  ],
  "risk_multiplier": 1.5,
  "confidence_threshold": 0.30999999999999994,
  "aggression_level": 1.304773183829245,
  "evolution_count": 10,
  "total_decisions": 108,
  "override_count": 0,
  "hold_count": 0
}