{
  "saved_at": "2026-03-28T11:32:59.651209",
  "version": "200e",
  "summary": {
    "deactivated": [],
    "strategies": {
      "GridV2": {
        "status": "active",
        "trades": 34,
        "win_rate": 0.6470588235294118,
        "total_pnl": 43.897426541208475,
        "avg_pnl": 1.2911007806237786,
        "sharpe": 0.12668509304161218,
        "consecutive_losses": 1,
        "calibrated_confidence": 0.44548725204004413
      }
    },
    "pairs": {
      "BNBUSDT": {
        "trades": 34,
        "win_rate": 0.6470588235294118,
        "pnl": 43.897426541208475
      }
    },
    "regimes": {
      "RANGING": {
        "trades": 31,
        "win_rate": 0.6774193548387096,
        "pnl": 68.29362381390321
      },
      "HIGH_VOLATILITY": {
        "trades": 3,
        "win_rate": 0.3333333333333333,
        "pnl": -24.396197272694728
      }
    }
  },
  "deactivated": [],
  "confidence_ema": {
    "GridV2": 0.44548725204004413
  },
  "windows": {
    "strategy:GridV2": {
      "pnls": [
        8.035775914726198,
        -11.64332793881536,
        -9.699418444657482,
        -7.385980958739822,
        19.15247410820575,
        2.3523034534036578,
        6.25911019163359,
        3.6290549125236318,
        -8.555669711045246,
        6.318753494413483,
        35.50036416519155,
        3.5470666082905966,
        4.368990517657339,
        8.509409306763716,
        1.0397453136175816,
        -6.000436806735297,
        -6.388070426578565,
        -7.926847061855172,
        2.40319675793274,
        3.016523677098207,
        8.80171876490677,
        2.030731183911638,
        17.135096669469785,
        3.2309720958499493,
        -9.462912675383295,
        4.8596439378749725,
        2.3291519266801872,
        0.6131621934010805,
        1.1532556915038958,
        -7.828685000187013,
        -17.536181596797896,
        -1.1015280471558557,
        6.008712154363994,
        -12.868727830260829
      ],
      "outcomes": [
        1,
        0,
        0,
        0,
        1,
        1,
        1,
        1,
        0,
        1,
        1,
        1,
        1,
        1,
        1,
        0,
        0,
        0,
        1,
        1,
        1,
        1,
        1,
        1,
        0,
        1,
        1,
        1,
        1,
        0,
        0,
        0,
        1,
        0
      ]
    },
    "pair:BNBUSDT": {
      "pnls": [
        8.035775914726198,
        -11.64332793881536,
        -9.699418444657482,
        -7.385980958739822,
        19.15247410820575,
        2.3523034534036578,
        6.25911019163359,
        3.6290549125236318,
        -8.555669711045246,
        6.318753494413483,
        35.50036416519155,
        3.5470666082905966,
        4.368990517657339,
        8.509409306763716,
        1.0397453136175816,
        -6.000436806735297,
        -6.388070426578565,
        -7.926847061855172,
        2.40319675793274,
        3.016523677098207,
        8.80171876490677,
        2.030731183911638,
        17.135096669469785,
        3.2309720958499493,
        -9.462912675383295,
        4.8596439378749725,
        2.3291519266801872,
        0.6131621934010805,
        1.1532556915038958,
        -7.828685000187013,
        -17.536181596797896,
        -1.1015280471558557,
        6.008712154363994,
        -12.868727830260829
      ],
      "outcomes": [
        1,
        0,
        0,
        0,
        1,
        1,
        1,
        1,
        0,
        1,
        1,
        1,
        1,
        1,
        1,
        0,
        0,
        0,
        1,
        1,
        1,
        1,
        1,
        1,
        0,
        1,
        1,
        1,
        1,
        0,
        0,
        0,
        1,
        0
      ]
    },
    "regime:RANGING": {
      "pnls": [
        8.035775914726198,
        -11.64332793881536,
        -9.699418444657482,
        -7.385980958739822,
        19.15247410820575,
        2.3523034534036578,
        6.25911019163359,
        3.6290549125236318,
        -8.555669711045246,
        6.318753494413483,
        35.50036416519155,
        3.5470666082905966,
        4.368990517657339,
        8.509409306763716,
        1.0397453136175816,
        -6.000436806735297,
        -6.388070426578565,
        -7.926847061855172,
        2.40319675793274,
        3.016523677098207,
        8.80171876490677,
        2.030731183911638,
        17.135096669469785,
        3.2309720958499493,
        -9.462912675383295,
        4.8596439378749725,
        2.3291519266801872,
        0.6131621934010805,
        1.1532556915038958,
        -7.828685000187013,
        -1.1015280471558557
      ],
      "outcomes": [
        1,
        0,
        0,
        0,
        1,
        1,
        1,
        1,
        0,
        1,
        1,
        1,
        1,
        1,
        1,
        0,
        0,
        0,
        1,
        1,
        1,
        1,
        1,
        1,
        0,
        1,
        1,
        1,
        1,
        0,
        0
      ]
    },
    "regime:HIGH_VOLATILITY": {
      "pnls": [
        -17.536181596797896,
        6.008712154363994,
        -12.868727830260829
      ],
      "outcomes": [
        0,
        1,
        0
      ]
    },
    "combo:GridV2:RANGING": {
      "pnls": [
        8.035775914726198,
        -11.64332793881536,
        -9.699418444657482,
        -7.385980958739822,
        19.15247410820575,
        2.3523034534036578,
        6.25911019163359,
        3.6290549125236318,
        -8.555669711045246,
        6.318753494413483,
        35.50036416519155,
        3.5470666082905966,
        4.368990517657339,
        8.509409306763716,
        1.0397453136175816,
        -6.000436806735297,
        -6.388070426578565,
        -7.926847061855172,
        2.40319675793274,
        3.016523677098207,
        8.80171876490677,
        2.030731183911638,
        17.135096669469785,
        3.2309720958499493,
        -9.462912675383295,
        4.8596439378749725,
        2.3291519266801872,
        0.6131621934010805,
        1.1532556915038958,
        -7.828685000187013,
        -1.1015280471558557
      ],
      "outcomes": [
        1,
        0,
        0,
        0,
        1,
        1,
        1,
        1,
        0,
        1,
        1,
        1,
        1,
        1,
        1,
        0,
        0,
        0,
        1,
        1,
        1,
        1,
        1,
        1,
        0,
        1,
        1,
        1,
        1,
        0,
        0
      ]
    },
    "combo:GridV2:HIGH_VOLATILITY": {
      "pnls": [
        -17.536181596797896,
        6.008712154363994,
        -12.868727830260829
      ],
      "outcomes": [
        0,
        1,
        0
      ]
    }
  }
}