{
  "saved_at": "2026-03-31T17:13:20.490323",
  "version": "200e",
  "defense_mode": false,
  "defense_mode_start": 14225,
  "consecutive_losses": 0,
  "loss_streak_max": 13,
  "win_count": 1142,
  "loss_count": 1212,
  "recent_pnls": [
    -4.110817341469559,
    1.2402223329884454,
    4.7375677050765574,
    -5.813246656198596,
    1.507990986898453,
    1.4833613807641888,
    -2.264589221013583,
    0.8278146613080022,
    0.8079788755481893,
    2.2310993901218255,
    -3.7238430912885434,
    -2.52457433333468,
    -3.9961514201516515,
    -5.133211070085021,
    -5.54632328904308,
    -6.185878566478146,
    -7.366205857535735,
    8.208994389390217,
    1.4124066480965585,
    -2.1674894565010843,
    -4.206621993418713,
    -1.6396119552804502,
    -4.480169104038554,
    4.420386208141229,
    5.3864415801588565,
    1.0733496023322326,
    -2.4924022686111384,
    -2.5710569722383996,
    1.0362172395597622,
    1.0576079943276042,
    -2.2857018153729536,
    -6.230625280389499,
    -4.188034569623881,
    -3.573646068594263,
    6.34473299878507,
    -5.286019516593956,
    1.9217785583512115,
    -6.026528482928109,
    1.3731047767263536,
    0.7152405412870697,
    -2.0446724651447745,
    -3.3623136285131556,
    0.8508220637111275,
    4.096379967085412,
    -3.967336050984422,
    -3.66220104865796,
    -4.42812739416033,
    -4.2991766047029865,
    -4.954437806048816,
    0.32071416553492826
  ],
  "risk_multiplier": 0.6247829505549934,
  "confidence_threshold": 0.45,
  "aggression_level": 0.7378364145832881,
  "evolution_count": 470,
  "total_decisions": 310,
  "override_count": 0,
  "hold_count": 0
}