{
  "saved_at": "2026-03-28T10:55:52.786238",
  "version": "200e",
  "summary": {
    "deactivated": [],
    "strategies": {
      "GridV2": {
        "status": "active",
        "trades": 30,
        "win_rate": 0.7,
        "total_pnl": 69.39515186105909,
        "avg_pnl": 2.3131717287019695,
        "sharpe": 0.2348562116072071,
        "consecutive_losses": 1,
        "calibrated_confidence": 0.6969903614258888
      }
    },
    "pairs": {
      "BNBUSDT": {
        "trades": 30,
        "win_rate": 0.7,
        "pnl": 69.39515186105909
      }
    },
    "regimes": {
      "RANGING": {
        "trades": 30,
        "win_rate": 0.7,
        "pnl": 69.39515186105909
      }
    }
  },
  "deactivated": [],
  "confidence_ema": {
    "GridV2": 0.6969903614258888
  },
  "windows": {
    "strategy:GridV2": {
      "pnls": [
        8.035775914726198,
        -11.64332793881536,
        -9.699418444657482,
        -7.385980958739822,
        19.15247410820575,
        2.3523034534036578,
        6.25911019163359,
        3.6290549125236318,
        -8.555669711045246,
        6.318753494413483,
        35.50036416519155,
        3.5470666082905966,
        4.368990517657339,
        8.509409306763716,
        1.0397453136175816,
        -6.000436806735297,
        -6.388070426578565,
        -7.926847061855172,
        2.40319675793274,
        3.016523677098207,
        8.80171876490677,
        2.030731183911638,
        17.135096669469785,
        3.2309720958499493,
        -9.462912675383295,
        4.8596439378749725,
        2.3291519266801872,
        0.6131621934010805,
        1.1532556915038958,
        -7.828685000187013
      ],
      "outcomes": [
        1,
        0,
        0,
        0,
        1,
        1,
        1,
        1,
        0,
        1,
        1,
        1,
        1,
        1,
        1,
        0,
        0,
        0,
        1,
        1,
        1,
        1,
        1,
        1,
        0,
        1,
        1,
        1,
        1,
        0
      ]
    },
    "pair:BNBUSDT": {
      "pnls": [
        8.035775914726198,
        -11.64332793881536,
        -9.699418444657482,
        -7.385980958739822,
        19.15247410820575,
        2.3523034534036578,
        6.25911019163359,
        3.6290549125236318,
        -8.555669711045246,
        6.318753494413483,
        35.50036416519155,
        3.5470666082905966,
        4.368990517657339,
        8.509409306763716,
        1.0397453136175816,
        -6.000436806735297,
        -6.388070426578565,
        -7.926847061855172,
        2.40319675793274,
        3.016523677098207,
        8.80171876490677,
        2.030731183911638,
        17.135096669469785,
        3.2309720958499493,
        -9.462912675383295,
        4.8596439378749725,
        2.3291519266801872,
        0.6131621934010805,
        1.1532556915038958,
        -7.828685000187013
      ],
      "outcomes": [
        1,
        0,
        0,
        0,
        1,
        1,
        1,
        1,
        0,
        1,
        1,
        1,
        1,
        1,
        1,
        0,
        0,
        0,
        1,
        1,
        1,
        1,
        1,
        1,
        0,
        1,
        1,
        1,
        1,
        0
      ]
    },
    "regime:RANGING": {
      "pnls": [
        8.035775914726198,
        -11.64332793881536,
        -9.699418444657482,
        -7.385980958739822,
        19.15247410820575,
        2.3523034534036578,
        6.25911019163359,
        3.6290549125236318,
        -8.555669711045246,
        6.318753494413483,
        35.50036416519155,
        3.5470666082905966,
        4.368990517657339,
        8.509409306763716,
        1.0397453136175816,
        -6.000436806735297,
        -6.388070426578565,
        -7.926847061855172,
        2.40319675793274,
        3.016523677098207,
        8.80171876490677,
        2.030731183911638,
        17.135096669469785,
        3.2309720958499493,
        -9.462912675383295,
        4.8596439378749725,
        2.3291519266801872,
        0.6131621934010805,
        1.1532556915038958,
        -7.828685000187013
      ],
      "outcomes": [
        1,
        0,
        0,
        0,
        1,
        1,
        1,
        1,
        0,
        1,
        1,
        1,
        1,
        1,
        1,
        0,
        0,
        0,
        1,
        1,
        1,
        1,
        1,
        1,
        0,
        1,
        1,
        1,
        1,
        0
      ]
    },
    "combo:GridV2:RANGING": {
      "pnls": [
        8.035775914726198,
        -11.64332793881536,
        -9.699418444657482,
        -7.385980958739822,
        19.15247410820575,
        2.3523034534036578,
        6.25911019163359,
        3.6290549125236318,
        -8.555669711045246,
        6.318753494413483,
        35.50036416519155,
        3.5470666082905966,
        4.368990517657339,
        8.509409306763716,
        1.0397453136175816,
        -6.000436806735297,
        -6.388070426578565,
        -7.926847061855172,
        2.40319675793274,
        3.016523677098207,
        8.80171876490677,
        2.030731183911638,
        17.135096669469785,
        3.2309720958499493,
        -9.462912675383295,
        4.8596439378749725,
        2.3291519266801872,
        0.6131621934010805,
        1.1532556915038958,
        -7.828685000187013
      ],
      "outcomes": [
        1,
        0,
        0,
        0,
        1,
        1,
        1,
        1,
        0,
        1,
        1,
        1,
        1,
        1,
        1,
        0,
        0,
        0,
        1,
        1,
        1,
        1,
        1,
        1,
        0,
        1,
        1,
        1,
        1,
        0
      ]
    }
  }
}