{
  "saved_at": "2026-03-28T10:55:52.786238",
  "version": "200e",
  "defense_mode": false,
  "defense_mode_start": 0,
  "consecutive_losses": 1,
  "loss_streak_max": 3,
  "win_count": 21,
  "loss_count": 9,
  "recent_pnls": [
    8.035775914726198,
    -11.64332793881536,
    -9.699418444657482,
    -7.385980958739822,
    19.15247410820575,
    2.3523034534036578,
    6.25911019163359,
    3.6290549125236318,
    -8.555669711045246,
    6.318753494413483,
    35.50036416519155,
    3.5470666082905966,
    4.368990517657339,
    8.509409306763716,
    1.0397453136175816,
    -6.000436806735297,
    -6.388070426578565,
    -7.926847061855172,
    2.40319675793274,
    3.016523677098207,
    8.80171876490677,
    2.030731183911638,
    17.135096669469785,
    3.2309720958499493,
    -9.462912675383295,
    4.8596439378749725,
    2.3291519266801872,
    0.6131621934010805,
    1.1532556915038958,
    -7.828685000187013
  ],
  "risk_multiplier": 1.2762815625000004,
  "confidence_threshold": 0.32999999999999996,
  "aggression_level": 1.1592740743,
  "evolution_count": 6,
  "total_decisions": 0,
  "override_count": 0,
  "hold_count": 0
}