{
  "saved_at": "2026-04-01T06:23:10.851043",
  "version": "200e",
  "defense_mode": false,
  "defense_mode_start": 990,
  "consecutive_losses": 0,
  "loss_streak_max": 13,
  "win_count": 1659,
  "loss_count": 1582,
  "recent_pnls": [
    5.58677729837721,
    7.714905072888049,
    13.865966769725393,
    4.476988415384295,
    -2.2076029591121156,
    2.2879254803018503,
    42.18395855886799,
    -3.3633499267971945,
    10.720481054427763,
    38.17081178298655,
    8.066407391345608,
    5.614406540555612,
    -15.07210976844589,
    -19.346191015746175,
    4.811562055660195,
    7.3079494343470595,
    10.622678340190545,
    -1.1743257049167115,
    4.942374241487581,
    13.818192063132805,
    48.11192191763018,
    -44.218240633099924,
    5.706725726260739,
    -7.902966563426972,
    -37.67761083869803,
    6.5276009945674245,
    -16.87887271085499,
    -24.096611766898324,
    7.218507819559105,
    -11.97932736838676,
    6.756157202603121,
    -9.505725390623784,
    55.570866978060096,
    -30.517221964307424,
    -27.212164196111093,
    -22.98191311412369,
    22.473837208874826,
    4.56732885362156,
    21.431349871401867,
    -17.09054100145832,
    4.376535891546961,
    5.135079783272382,
    -17.666370696936667,
    -31.730164367644935,
    -26.610673353642966,
    3.6522386924148442,
    -13.058547819641346,
    -0.6806981068432818,
    3.7508575476482946,
    5.5850927301607225
  ],
  "risk_multiplier": 1.3714786895292006,
  "confidence_threshold": 0.37499999999999994,
  "aggression_level": 1.8884719579606286,
  "evolution_count": 648,
  "total_decisions": 310,
  "override_count": 0,
  "hold_count": 0
}