{
  "saved_at": "2026-03-31T17:17:39.694903",
  "version": "200e",
  "defense_mode": false,
  "defense_mode_start": 1750,
  "consecutive_losses": 0,
  "loss_streak_max": 13,
  "win_count": 1230,
  "loss_count": 1354,
  "recent_pnls": [
    -20.38758706945709,
    7.468190552947445,
    8.859756523572685,
    9.27980300228646,
    -1.370005528897663,
    8.213475639236842,
    -13.829004738678707,
    -12.963597793826457,
    -9.272248797960769,
    -22.501798485699428,
    -19.039794414212988,
    -18.683936606176083,
    24.312241236830875,
    -13.699392223539645,
    -11.084689355410777,
    -14.568641153042277,
    -27.275390586048147,
    -28.92142668416772,
    -9.68122961874245,
    -11.139592091151707,
    -28.995656113316223,
    -25.4448857793332,
    8.942365757311455,
    -37.88622363301723,
    48.20213465608953,
    -3.405996646241155,
    -25.112709736867973,
    2.734474110805732,
    -23.108447446417287,
    -19.16470017816694,
    -17.61859006353291,
    10.63773283428679,
    -28.804367136549924,
    48.54227205777286,
    -14.30422873131272,
    -21.911751344144974,
    -9.087968363947732,
    7.142310851704588,
    48.113428711879436,
    -14.755821822828693,
    0.43892351240974603,
    24.503548766508427,
    13.212509183812603,
    -14.805082155495558,
    6.689742019041681,
    -39.527312964747615,
    -33.21454547954383,
    -32.3549971141944,
    7.896379814542502,
    10.955627664585586
  ],
  "risk_multiplier": 0.525,
  "confidence_threshold": 0.445,
  "aggression_level": 0.515,
  "evolution_count": 516,
  "total_decisions": 310,
  "override_count": 0,
  "hold_count": 0
}