{
  "saved_at": "2026-04-03T22:53:13.287562",
  "version": "200e",
  "defense_mode": false,
  "defense_mode_start": 11495,
  "consecutive_losses": 0,
  "loss_streak_max": 16,
  "win_count": 1934,
  "loss_count": 2023,
  "recent_pnls": [
    -21.588741277050293,
    -54.79915462094291,
    -21.17691780534646,
    -14.437502876728175,
    19.552877718521028,
    -28.802305580097673,
    -30.05388911329285,
    -28.412143961076975,
    4.510700086096582,
    -19.522575837208855,
    33.527140226985225,
    -50.31840704709733,
    -23.06479161763572,
    1.5672281977275455,
    7.033721383603165,
    -11.485734128612734,
    -25.066126203736683,
    -27.431831764101453,
    26.621767148875385,
    -42.69209793110278,
    28.632106559982514,
    27.320182981595774,
    -26.185356155640882,
    -20.670149461542344,
    -26.894168467648978,
    -28.430723235277895,
    -36.41344015034283,
    35.34199556715691,
    -15.530498196111722,
    5.178354660871475,
    17.997648336983026,
    5.941140272487584,
    -18.68188546347439,
    33.89337656655301,
    -21.887428329848525,
    -35.72434777298626,
    -26.753584717635782,
    -22.044165935255574,
    -27.403720269505026,
    -45.79487387692344,
    -28.950974749960764,
    -33.05138021542665,
    -34.27825408885066,
    -20.047508016575694,
    -19.52214549955811,
    -21.715087934372,
    6.564871515508715,
    0.9286079766830603,
    4.132194595885649,
    13.641284944268834
  ],
  "risk_multiplier": 0.5,
  "confidence_threshold": 0.45,
  "aggression_level": 0.5,
  "evolution_count": 791,
  "total_decisions": 310,
  "override_count": 0,
  "hold_count": 0
}