{
  "saved_at": "2026-03-29T16:14:44.705135",
  "version": "200e",
  "defense_mode": false,
  "defense_mode_start": 0,
  "consecutive_losses": 1,
  "loss_streak_max": 4,
  "win_count": 53,
  "loss_count": 28,
  "recent_pnls": [
    6.2764770067077995,
    3.639385261814307,
    -10.573036983588977,
    6.333607186949679,
    4.338311219060077,
    8.44931935352831,
    1.0325007450928996,
    -7.217767995899602,
    -9.501924716086048,
    2.3890836392675934,
    2.097254285350172,
    16.99150698776094,
    3.2039481812122577,
    2.31276386226023,
    1.1451177811376645,
    -9.315867662825246,
    8.035655129093099,
    -3.2264033391188116,
    3.630025710727168,
    -10.545845886006532,
    6.317318798728155,
    4.327202239080375,
    8.427383022209302,
    1.61056499840485,
    -7.199134409397373,
    -9.479082455944724,
    2.7888992308442155,
    2.0920918590488364,
    16.949682110736887,
    -6.399888735794232,
    -2.3313278288030674,
    1.1383133765341,
    -9.26037845566996,
    8.2130107521297,
    6.275264975240941,
    -10.70821657051094,
    -10.533465465014567,
    -15.846111112851403,
    -12.298406542079709,
    8.336568692481931,
    1.0186665662072358,
    -7.121011179921554,
    -9.37670043240302,
    2.357613678041048,
    2.1597379046309,
    16.766726187119875,
    3.0681272824850008,
    -8.283552105448841,
    1.5959351150996346,
    -9.170848222546663
  ],
  "risk_multiplier": 1.4490000000000003,
  "confidence_threshold": 0.30999999999999994,
  "aggression_level": 1.3544728425038703,
  "evolution_count": 16,
  "total_decisions": 313,
  "override_count": 0,
  "hold_count": 0
}