{
  "saved_at": "2026-04-01T05:38:59.332401",
  "version": "200e",
  "defense_mode": false,
  "defense_mode_start": 967,
  "consecutive_losses": 0,
  "loss_streak_max": 13,
  "win_count": 1653,
  "loss_count": 1582,
  "recent_pnls": [
    -29.66127586381409,
    4.115148255051397,
    2.498642417040446,
    -5.604127623224801,
    -8.049643092164937,
    -9.182690898753801,
    16.53792519080137,
    -0.41372090973537734,
    -19.619156058819964,
    -21.204579731911192,
    3.670230444764269,
    -18.673028546930325,
    4.285645843353075,
    -9.891062475190122,
    -28.59477059853737,
    -32.9272138459726,
    -22.009943733768004,
    6.27594033355955,
    10.21200799249428,
    0.46465366758173904,
    7.118515812852949,
    29.282340586902393,
    -25.71161300177097,
    6.05931774214205,
    -22.615511634887916,
    18.322450716076045,
    -20.167912403583937,
    -24.277255274064977,
    2.9327838109685773,
    -8.86866477066961,
    2.503426322291773,
    -25.07889301958326,
    18.984976099887337,
    6.379592662409767,
    -18.3089835317406,
    18.69116386034652,
    -18.40837627947956,
    -24.353975293269407,
    -29.75307747844377,
    -20.10774997754372,
    2.3251694443590107,
    2.869627274128242,
    -14.572708272772147,
    -18.434352485906913,
    7.705888377064976,
    -28.44113383137213,
    -23.73540353573438,
    -20.76707697678443,
    -1.0631735959650714,
    5.10998617027611
  ],
  "risk_multiplier": 1.2617603943668647,
  "confidence_threshold": 0.37999999999999995,
  "aggression_level": 1.7940483600625974,
  "evolution_count": 647,
  "total_decisions": 310,
  "override_count": 0,
  "hold_count": 0
}