{
  "saved_at": "2026-04-06T00:42:14.680723",
  "version": "200e",
  "defense_mode": false,
  "defense_mode_start": 10579,
  "consecutive_losses": 3,
  "loss_streak_max": 14,
  "win_count": 1684,
  "loss_count": 2013,
  "recent_pnls": [
    1.7486457015141312,
    3.7797984488984024,
    -3.08889815257779,
    6.7766790222784135,
    10.583386759378644,
    -7.68775127777793,
    3.202346465443698,
    3.860419770196289,
    -4.824740940974509,
    -5.721018246443306,
    0.9515679266107925,
    -4.250526596127036,
    7.8834030562037825,
    8.799104673934925,
    -6.360976109168952,
    0.5407762155944955,
    -3.9930525375185635,
    -5.2281382635979705,
    -7.532310162605139,
    -8.757359055281059,
    -6.233212388639782,
    -4.972611523144362,
    16.32306375096259,
    -8.665503958779965,
    -11.878366028717794,
    8.168107740266777,
    3.2229851790122654,
    3.3332221799724002,
    -8.170802587585673,
    4.467014194476009,
    -16.294362489831236,
    18.727549707619048,
    -6.758591775242016,
    5.5422809925120795,
    -5.458756306415344,
    16.637448027995795,
    -1.8478695288955285,
    22.900241260932948,
    52.19751740788665,
    35.62834251656204,
    -30.118168808363883,
    -26.23776844295628,
    -37.48237246612407,
    -24.22970338710708,
    -28.012745044030964,
    -6.737468338247355,
    0.5271835540278886,
    -22.398413577989047,
    -16.73095601299027,
    -20.39970782727463
  ],
  "risk_multiplier": 0.5,
  "confidence_threshold": 0.45,
  "aggression_level": 0.5,
  "evolution_count": 739,
  "total_decisions": 0,
  "override_count": 0,
  "hold_count": 0
}