{
  "saved_at": "2026-04-01T03:24:46.738717",
  "version": "200e",
  "defense_mode": false,
  "defense_mode_start": 2809,
  "consecutive_losses": 0,
  "loss_streak_max": 14,
  "win_count": 1308,
  "loss_count": 1373,
  "recent_pnls": [
    0.376868923339841,
    -3.2693209280061897,
    0.49162834503717123,
    0.49600355315118816,
    -0.9374330088940082,
    -2.0135672506470974,
    0.14642260648046532,
    0.10541449490720166,
    -0.9930434810944915,
    0.16999205418858984,
    -1.1823374245513805,
    -1.0264548851689652,
    0.1446005968956384,
    -0.5136822566385136,
    0.30669643772878213,
    0.10506999034732036,
    -0.7617963223822728,
    -0.8295805663414053,
    -0.944638606523139,
    0.10987926794447551,
    0.278038758962177,
    0.1286075998968622,
    -1.169181649347258,
    -0.4308168434368018,
    0.09643981477644754,
    -0.8205522583513686,
    -0.5871896538797731,
    -0.495546461330016,
    0.11838213435579917,
    0.051885694052530656,
    -0.3687373842042969,
    0.0566806799213899,
    0.03125582042518983,
    1.4622893869238576,
    0.12244799155796182,
    -0.6087471143979792,
    0.10156050800850075,
    0.15578673118833616,
    -0.5762123037901146,
    0.2544127536995987,
    -1.2931404668826272,
    0.11757247164345588,
    0.2839696335404584,
    0.1418925373961508,
    0.1068370510343278,
    0.2983120392524792,
    0.28360114250050333,
    -1.22024163932581,
    0.1693557734801031,
    0.2441928312978217
  ],
  "risk_multiplier": 1.5,
  "confidence_threshold": 0.41,
  "aggression_level": 1.6395473924344446,
  "evolution_count": 536,
  "total_decisions": 0,
  "override_count": 0,
  "hold_count": 0
}