{
  "saved_at": "2026-04-01T03:28:24.424331",
  "version": "200e",
  "defense_mode": false,
  "defense_mode_start": 2809,
  "consecutive_losses": 0,
  "loss_streak_max": 14,
  "win_count": 1353,
  "loss_count": 1410,
  "recent_pnls": [
    0.4536754639519632,
    4.053413426220031,
    -1.575345038043098,
    0.46833824841911686,
    -2.1518140652942983,
    0.5217395096018933,
    -2.115929997522241,
    0.4815118111792096,
    0.5724149500033137,
    -2.436450289438488,
    0.715993977976137,
    -1.5936096733111933,
    0.6707896060383819,
    -2.081383119543544,
    0.82556035463134,
    0.7878242283572902,
    0.8232318340882825,
    3.082721923826597,
    -3.807309033013982,
    -2.5164680860960735,
    -2.527707165817881,
    -3.7866779564764133,
    0.8977315035761262,
    0.05951815888960833,
    -3.566902836765709,
    -1.3556423197385086,
    -1.5081776794902366,
    0.66816533968349,
    0.49486315119499924,
    -2.578566115752234,
    -2.3547129753228426,
    0.5592663538796714,
    -0.09515441290637436,
    0.39933087973472975,
    0.8770971665340966,
    0.17623976785789208,
    -1.6795799988055728,
    -2.2077542928387786,
    -1.5730168136141562,
    0.5291184674924336,
    0.810533587158978,
    1.822146787474753,
    1.224142058157841,
    -0.7037971796001123,
    0.6848576462765849,
    1.052678909006747,
    -2.624804368005082,
    -2.2422674788992207,
    -2.6431386732476945,
    1.1629564141731992
  ],
  "risk_multiplier": 1.5,
  "confidence_threshold": 0.41,
  "aggression_level": 1.9730831045653836,
  "evolution_count": 552,
  "total_decisions": 0,
  "override_count": 0,
  "hold_count": 0
}