{
  "saved_at": "2026-04-03T20:33:53.198963",
  "version": "200e",
  "defense_mode": false,
  "defense_mode_start": 10579,
  "consecutive_losses": 0,
  "loss_streak_max": 14,
  "win_count": 1723,
  "loss_count": 2058,
  "recent_pnls": [
    4.339930068887372,
    2.0000272910652677,
    16.439780954675356,
    5.621873381759797,
    -14.166294911194898,
    -4.93073026432419,
    16.019110640499143,
    -5.05867094811333,
    -3.4643429760327424,
    -5.176264037914521,
    18.157793591710032,
    -11.494496332118368,
    -12.250726225231187,
    1.9630943714211762,
    -8.635000788195253,
    -0.33628696897546784,
    -9.25950348936921,
    -13.082058584973709,
    11.812014585867281,
    -10.848175630517382,
    -13.412252692757658,
    -10.637663434373803,
    14.367394833623731,
    -4.912247981649159,
    -3.406977590043456,
    -5.030904783301955,
    2.6502848673725046,
    -7.928422217192441,
    -15.362733709467664,
    15.526211350919098,
    9.104686705406678,
    -9.526850542310024,
    -1.7103475381926696,
    -3.6923089988037505,
    -12.073489319496435,
    -16.512925551615954,
    7.868909454173595,
    8.07933933946229,
    2.614309136269401,
    -1.8712179326713647,
    6.460368535562825,
    -16.722907801206603,
    6.958630328076388,
    -10.572949561211608,
    -10.28156433684957,
    -21.91512521223871,
    -22.36090636765094,
    20.80630039140531,
    15.519074031509268,
    32.635479818550266
  ],
  "risk_multiplier": 0.5,
  "confidence_threshold": 0.45,
  "aggression_level": 0.5,
  "evolution_count": 756,
  "total_decisions": 0,
  "override_count": 0,
  "hold_count": 0
}