{
  "saved_at": "2026-03-31T17:17:16.398735",
  "version": "200e",
  "defense_mode": false,
  "defense_mode_start": 1237,
  "consecutive_losses": 0,
  "loss_streak_max": 14,
  "win_count": 1056,
  "loss_count": 1224,
  "recent_pnls": [
    1.7244038625262286,
    -0.36622404305724304,
    1.609968834120414,
    -0.8136398777240446,
    -1.7411993431786417,
    0.5621235269132555,
    1.256501598610398,
    -2.133785029065908,
    -1.600199952401201,
    1.0582738853323912,
    3.141979503542229,
    2.532044516060269,
    -1.5119542701461077,
    5.613595939457885,
    1.0007120368989335,
    -2.2490331840045035,
    3.439665708212313,
    1.1367830644534895,
    1.212219233044493,
    3.9392765042084816,
    -1.4679901583676263,
    -0.6205702694759259,
    0.7489762577287465,
    3.2470605488911795,
    -0.28451222225676764,
    -2.6547386945831297,
    -1.2192268774651258,
    0.829468478784216,
    -0.35882157492149347,
    0.7669363436915758,
    -0.8440160298856029,
    0.8997008097018311,
    -2.3301668696643727,
    1.6546181866631016,
    0.1607487278447289,
    -0.9200012290199331,
    -2.0240975174480993,
    0.7707474108165306,
    -0.2381836503460652,
    -0.767543094638208,
    1.333291702158861,
    4.58493195291957,
    1.4385142976841652,
    0.9335626701727976,
    -3.6370996325171725,
    -3.974026011906063,
    3.240231941665619,
    1.0281661487571654,
    -4.028384316180273,
    1.6078543181742246
  ],
  "risk_multiplier": 0.6077531250000001,
  "confidence_threshold": 0.445,
  "aggression_level": 0.5627544050000001,
  "evolution_count": 456,
  "total_decisions": 0,
  "override_count": 0,
  "hold_count": 0
}