{
  "saved_at": "2026-04-03T20:32:06.641577",
  "version": "200e",
  "defense_mode": false,
  "defense_mode_start": 10579,
  "consecutive_losses": 0,
  "loss_streak_max": 14,
  "win_count": 1680,
  "loss_count": 2003,
  "recent_pnls": [
    -5.9251421925372325,
    -4.771363581007588,
    -3.4791415637153893,
    4.262830175050051,
    2.4022003936793723,
    -4.360381469761219,
    -9.79015444018478,
    -6.276542017844795,
    -3.97948057359468,
    0.18002395875652522,
    -2.0435084219680864,
    0.023210372924996836,
    -0.32520334146443985,
    -0.8742707914979977,
    1.7486457015141312,
    3.7797984488984024,
    -3.08889815257779,
    6.7766790222784135,
    10.583386759378644,
    -7.68775127777793,
    3.202346465443698,
    3.860419770196289,
    -4.824740940974509,
    -5.721018246443306,
    0.9515679266107925,
    -4.250526596127036,
    7.8834030562037825,
    8.799104673934925,
    -6.360976109168952,
    0.5407762155944955,
    -3.9930525375185635,
    -5.2281382635979705,
    -7.532310162605139,
    -8.757359055281059,
    -6.233212388639782,
    -4.972611523144362,
    16.32306375096259,
    -8.665503958779965,
    -11.878366028717794,
    8.168107740266777,
    3.2229851790122654,
    3.3332221799724002,
    -8.170802587585673,
    4.467014194476009,
    -16.294362489831236,
    18.727549707619048,
    -6.758591775242016,
    5.5422809925120795,
    -5.458756306415344,
    16.637448027995795
  ],
  "risk_multiplier": 0.50715,
  "confidence_threshold": 0.45,
  "aggression_level": 0.5039275,
  "evolution_count": 736,
  "total_decisions": 0,
  "override_count": 0,
  "hold_count": 0
}