{
  "saved_at": "2026-04-01T05:37:01.086576",
  "version": "200e",
  "defense_mode": false,
  "defense_mode_start": 2809,
  "consecutive_losses": 2,
  "loss_streak_max": 14,
  "win_count": 1373,
  "loss_count": 1457,
  "recent_pnls": [
    0.4738337764967744,
    -0.0547767436117868,
    -0.5752656125749233,
    -0.8684883281385873,
    -0.949844035952561,
    0.15126120964193604,
    0.40132357210012504,
    -1.0590669731711113,
    -1.3728319951020076,
    1.2258071534714174,
    -0.810928146364385,
    1.3336498073479126,
    -0.15522640459347806,
    -0.34112767933850124,
    0.1727309463402007,
    -0.43231958989085456,
    1.2864474435934259,
    -0.9109175754898051,
    -0.9431664108528449,
    -0.7349893137903764,
    -1.3288780359241725,
    -1.4468160789177658,
    1.1170132651812852,
    -1.0198033197079082,
    -0.7124751406100888,
    -0.3848493114084879,
    -0.11024084446158441,
    1.0709382959461222,
    0.5262495839838591,
    -1.161113327647036,
    -1.4304590863897995,
    -1.356602408078808,
    -2.2220614525084232,
    1.4673499171893725,
    -0.900613495155596,
    0.21723576514245932,
    -0.16488216872644174,
    0.05632976792044436,
    0.5814537285890281,
    -1.5433275537024804,
    -1.0727482027018815,
    0.18791649470339242,
    -0.10518043399652402,
    -0.9506426580953871,
    -1.11256912470542,
    -2.036596295544822,
    -1.9218941013433006,
    0.8747072427449658,
    -2.8694166498361464,
    -2.3979386922807056
  ],
  "risk_multiplier": 0.9095325020160002,
  "confidence_threshold": 0.45,
  "aggression_level": 1.4701837812499996,
  "evolution_count": 566,
  "total_decisions": 0,
  "override_count": 0,
  "hold_count": 0
}