{
  "saved_at": "2026-04-03T20:34:13.656151",
  "version": "200e",
  "defense_mode": false,
  "defense_mode_start": 10579,
  "consecutive_losses": 3,
  "loss_streak_max": 14,
  "win_count": 1687,
  "loss_count": 2009,
  "recent_pnls": [
    -0.8742707914979977,
    1.7486457015141312,
    3.7797984488984024,
    -3.08889815257779,
    6.7766790222784135,
    10.583386759378644,
    -7.68775127777793,
    3.202346465443698,
    3.860419770196289,
    -4.824740940974509,
    -5.721018246443306,
    0.9515679266107925,
    -4.250526596127036,
    7.8834030562037825,
    8.799104673934925,
    -6.360976109168952,
    0.5407762155944955,
    -3.9930525375185635,
    -5.2281382635979705,
    -7.532310162605139,
    -8.757359055281059,
    -6.233212388639782,
    -4.972611523144362,
    16.32306375096259,
    -8.665503958779965,
    -11.878366028717794,
    8.168107740266777,
    3.2229851790122654,
    3.3332221799724002,
    -8.170802587585673,
    4.467014194476009,
    -16.294362489831236,
    18.727549707619048,
    -6.758591775242016,
    5.5422809925120795,
    -5.458756306415344,
    16.637448027995795,
    13.691255250945723,
    1.2524776314539736,
    -20.822362533060172,
    26.563649486844596,
    9.747046132287126,
    35.990285162003076,
    -22.701803913474645,
    5.352370474497566,
    -1.9294585018979946,
    24.046374051624717,
    -14.714231317417456,
    -22.65288975055869,
    -7.1385034585629406
  ],
  "risk_multiplier": 0.5591328750000001,
  "confidence_threshold": 0.445,
  "aggression_level": 0.53461668475,
  "evolution_count": 739,
  "total_decisions": 0,
  "override_count": 0,
  "hold_count": 0
}