{
  "saved_at": "2026-04-01T05:04:39.409802",
  "version": "200e",
  "defense_mode": false,
  "defense_mode_start": 1376,
  "consecutive_losses": 3,
  "loss_streak_max": 14,
  "win_count": 1359,
  "loss_count": 1434,
  "recent_pnls": [
    1.3274329057545722,
    -0.8119005656487734,
    0.8005148543653301,
    -1.2695317116765328,
    0.22487655379267804,
    -0.7816289711862073,
    -0.6214550734733859,
    -0.6076076119170909,
    1.4206421701294785,
    0.1775840474952345,
    0.897766738070562,
    0.15086468470039008,
    -0.8751581755436101,
    -1.7811355989077264,
    0.2304862793857603,
    -1.2117366554905553,
    -0.832171026611303,
    0.12731467136586622,
    -0.5026689606469172,
    -1.182719207217808,
    -1.1579019784149815,
    -1.271091821497525,
    -0.7582515965820494,
    0.6110674245842235,
    -1.409697751210998,
    0.1855998164907589,
    -0.7450837510889103,
    0.3277882953530241,
    0.552805637394281,
    -1.0505693827789875,
    -0.6477833246054421,
    -1.276718292779406,
    -0.8625708710530889,
    0.02003692198808115,
    -0.9059080377078126,
    0.8306437707521123,
    1.107334830370115,
    -1.2187286729971059,
    2.0178900468621404,
    1.3664395145289272,
    -2.09193030550646,
    1.3041431349777628,
    0.1575543136539284,
    -0.15060204233541927,
    0.11709841726719974,
    0.7688052602974458,
    0.1806735605809442,
    -0.36329228498403093,
    -0.28729767988175464,
    -0.47056562787525485
  ],
  "risk_multiplier": 1.2617603943668647,
  "confidence_threshold": 0.44,
  "aggression_level": 1.6070885204379084,
  "evolution_count": 558,
  "total_decisions": 0,
  "override_count": 0,
  "hold_count": 0
}