{
  "saved_at": "2026-04-03T17:44:37.013777",
  "version": "200e",
  "defense_mode": false,
  "defense_mode_start": 1763,
  "consecutive_losses": 5,
  "loss_streak_max": 14,
  "win_count": 1523,
  "loss_count": 1725,
  "recent_pnls": [
    -2.311259182121783,
    8.546793879899132,
    12.149000069027775,
    -12.35600979427058,
    -15.815498357304605,
    -10.526965343357064,
    -12.925998973735291,
    -21.262780413792093,
    -0.9083206854972551,
    -21.919636612784192,
    -14.037083740993227,
    -8.939219334621088,
    7.897651523720889,
    -8.54048614091981,
    16.32529121913484,
    -9.93722474741079,
    -2.3213625839330123,
    12.846814729785043,
    2.1083901907761726,
    4.073701031081814,
    10.15541070706262,
    -8.587942199314854,
    6.255450553640744,
    8.39678590772934,
    -7.736354805075708,
    -9.282699174774665,
    2.982711672654718,
    -8.654414847420291,
    -13.243509872414862,
    -8.355298442046388,
    1.9736309148681515,
    -16.53552318592535,
    -15.819874832713097,
    10.29278442003409,
    -9.347643148581582,
    -6.091108024924741,
    -4.1858934668188335,
    -8.334661631481918,
    -15.28183309407747,
    21.1347282544021,
    2.662701976438804,
    7.507906662564934,
    11.883773621252091,
    -8.278601513177534,
    2.8507168791860478,
    -10.722959208901493,
    -10.992272474202348,
    -20.786992496050793,
    -30.89447409875448,
    -21.116095889433208
  ],
  "risk_multiplier": 0.5292193393220804,
  "confidence_threshold": 0.45,
  "aggression_level": 0.515896074301611,
  "evolution_count": 649,
  "total_decisions": 0,
  "override_count": 0,
  "hold_count": 0
}