{
  "saved_at": "2026-03-31T17:15:09.276452",
  "version": "200e",
  "defense_mode": false,
  "defense_mode_start": 7454,
  "consecutive_losses": 0,
  "loss_streak_max": 14,
  "win_count": 1426,
  "loss_count": 1720,
  "recent_pnls": [
    0.2566357088006479,
    -1.2076293808766203,
    -0.4786793701359118,
    1.5634745674482229,
    -0.15256353417223167,
    0.22208954968980782,
    -1.0671776456082909,
    1.2048395169967547,
    -0.1803045586907811,
    0.24501877154507215,
    0.9057756595166833,
    -1.7673733864314582,
    0.011113448027807296,
    0.2737850742688458,
    -1.4318284463791813,
    1.1575669207716397,
    -0.48466554815998414,
    0.2056904996094333,
    0.3489849854232519,
    -1.2926165591523673,
    -0.9563373175404966,
    -0.5993427201210896,
    -1.0040423389498683,
    -0.31886147828030437,
    -0.6321813985969326,
    0.22732036819617277,
    0.42373551548074545,
    -1.4645473031155285,
    -0.7321493930357266,
    0.2601886967388786,
    0.15439430938549373,
    -0.2645316853912511,
    2.257743070380372,
    -0.5049446367351161,
    -1.0754932501586043,
    -0.567749526606277,
    0.30977520659572877,
    1.1001359603918759,
    -1.0649571222477408,
    -0.92180182559809,
    -2.0692238239363,
    -1.5558305815319413,
    0.5097048840189021,
    -0.8246100986230522,
    1.5545061083953342,
    -0.4563888693704804,
    -1.0501337265841089,
    0.9948952934431046,
    2.1205864546128206,
    0.41297244070390116
  ],
  "risk_multiplier": 0.5,
  "confidence_threshold": 0.45,
  "aggression_level": 0.5,
  "evolution_count": 629,
  "total_decisions": 0,
  "override_count": 0,
  "hold_count": 0
}