{
  "saved_at": "2026-04-03T16:39:30.831992",
  "version": "200e",
  "defense_mode": false,
  "defense_mode_start": 10579,
  "consecutive_losses": 0,
  "loss_streak_max": 14,
  "win_count": 1494,
  "loss_count": 1688,
  "recent_pnls": [
    -5.922653996331815,
    -4.769359901033141,
    -3.4776805377086455,
    4.261040047906898,
    2.4011916168922536,
    -4.358550377059191,
    -9.786043175959053,
    -6.273906255271601,
    -3.9778094359002596,
    0.17994835973855983,
    -2.042650273802851,
    0.023200625992355728,
    -0.3250667760126874,
    -0.873903651403258,
    1.7479113776012625,
    3.7782111654455868,
    -3.0876010048617655,
    6.773833232847434,
    10.578942386244728,
    -7.684522893895149,
    3.2010016763964773,
    3.858798630734755,
    -4.82271484578365,
    -5.718615769771967,
    0.9511683264615887,
    -4.2487416357321885,
    7.880092510577559,
    8.795409589808783,
    -6.358304889457544,
    0.5405491227612942,
    -3.9913757004319512,
    -5.225942766280576,
    -7.529147054454205,
    -8.753681501753599,
    -6.230594821852518,
    -4.970523331381047,
    16.316209065629103,
    -8.661864978757599,
    -11.873377843739465,
    8.164677636140262,
    3.221631722971554,
    3.3318224311544755,
    -8.167371351788615,
    4.465138322571658,
    -16.287519857266563,
    18.71968528570221,
    -6.75575358134511,
    5.5399535745216175,
    -5.456463963668692,
    16.630461320553852
  ],
  "risk_multiplier": 0.5325075,
  "confidence_threshold": 0.445,
  "aggression_level": 0.519045325,
  "evolution_count": 636,
  "total_decisions": 0,
  "override_count": 0,
  "hold_count": 0
}