{
  "saved_at": "2026-04-01T06:21:24.910150",
  "version": "200e",
  "defense_mode": false,
  "defense_mode_start": 2809,
  "consecutive_losses": 2,
  "loss_streak_max": 14,
  "win_count": 1370,
  "loss_count": 1452,
  "recent_pnls": [
    0.15247786077282785,
    0.4045515694102417,
    -1.0664132370690311,
    -1.4085272469503551,
    1.2356300874229844,
    -0.8368854456644238,
    1.333475502604093,
    -0.13580386707584471,
    -0.33506457650663113,
    0.17411492460721,
    -0.4354619743737796,
    1.2967554182989793,
    -0.9519438255372435,
    -0.9774359714348515,
    -0.7326319810544837,
    -1.3412136960293886,
    0.3147912364891928,
    -1.5873877928739955,
    0.2947571726412988,
    -1.0245240601310015,
    -0.7259962080166916,
    -0.40821313633431444,
    -0.11327838260981576,
    0.20976532852169683,
    0.5448805588919421,
    -1.157041197047128,
    -1.4256091945060858,
    -1.3715269119513707,
    -2.219741587233656,
    1.4738762950091628,
    -0.8957923125565466,
    0.21722425365733963,
    -0.1482628799112953,
    0.056582132799695393,
    -0.6855701587476729,
    0.6620062252678502,
    -1.5567586977855603,
    -1.0680306267436241,
    0.18853450429070254,
    -1.080996983227359,
    1.2752836437734236,
    -1.1079336811002494,
    -2.038395629650233,
    -1.9405470410006194,
    1.0294154548440562,
    0.5157245972326305,
    -2.86504264180593,
    0.8032231538173464,
    -1.951280894271302,
    -0.8293175539005995
  ],
  "risk_multiplier": 0.9095325020160002,
  "confidence_threshold": 0.45,
  "aggression_level": 1.4390933117315605,
  "evolution_count": 564,
  "total_decisions": 0,
  "override_count": 0,
  "hold_count": 0
}