{
  "saved_at": "2026-03-31T17:10:08.600834",
  "version": "200e",
  "defense_mode": false,
  "defense_mode_start": 13855,
  "consecutive_losses": 1,
  "loss_streak_max": 14,
  "win_count": 937,
  "loss_count": 1063,
  "recent_pnls": [
    -0.6685177542704985,
    -0.25459940769451217,
    -0.5062983135867274,
    0.303527716934839,
    0.5673217341571095,
    -0.38603252638374863,
    -0.4401545519269488,
    0.3157170261604217,
    0.09759417557195404,
    0.13767790775427194,
    0.23544693051071852,
    -0.6589928033145829,
    -0.3009761020996347,
    0.14211278065259117,
    0.36990345229773774,
    0.10678097659072824,
    -0.43362067529635206,
    -0.29930874959383535,
    0.09615543489843492,
    -0.40802469893016013,
    -0.42886096417077707,
    -0.46921232568355586,
    -0.23701422778392142,
    0.7983116329662747,
    0.6891151762426015,
    0.6015443143034761,
    -0.3404971854323942,
    0.0908111242425786,
    -0.44199307137312227,
    0.35776368984625956,
    1.1521351843578154,
    1.1540247042646075,
    -0.46541264789717685,
    -1.376142407085613,
    0.23389082939014955,
    -0.7382649644224315,
    -0.7687250021769353,
    -0.3521352593397601,
    -0.8836664738913679,
    -0.4217967297743579,
    -0.9820054604472692,
    0.17744339237590231,
    -0.6266626837999697,
    -0.9240326985668771,
    0.739477242142043,
    0.09570727206635735,
    -0.2602182177524559,
    0.14933728992094036,
    0.9682010209167278,
    -0.4262068161340837
  ],
  "risk_multiplier": 0.5,
  "confidence_threshold": 0.45,
  "aggression_level": 0.5,
  "evolution_count": 400,
  "total_decisions": 0,
  "override_count": 0,
  "hold_count": 0
}