{
  "saved_at": "2026-04-06T00:41:53.533447",
  "version": "200e",
  "defense_mode": false,
  "defense_mode_start": 958,
  "consecutive_losses": 0,
  "loss_streak_max": 14,
  "win_count": 1715,
  "loss_count": 2066,
  "recent_pnls": [
    -24.286990453898834,
    -19.339899191453185,
    -23.8186269078436,
    5.526591506900627,
    20.65794327176013,
    -18.059477920966454,
    -18.175554294286584,
    -14.44580368956237,
    -17.104262307363,
    11.579513998784599,
    13.152761836609475,
    -10.169782434224071,
    -19.691819727627134,
    -6.923725895625934,
    -18.04144899084177,
    -23.05744556604625,
    -19.049860669945804,
    5.596530425726759,
    -16.879260304223486,
    9.750293794675317,
    -15.009511911020075,
    21.839530194485167,
    -16.217148165615356,
    24.02504496361692,
    13.474529097164043,
    11.88692482805929,
    12.470049266358416,
    -14.509470862787092,
    -21.85385617192015,
    21.018790980014934,
    -10.201425402560492,
    -8.954668722719866,
    18.79001159116887,
    -5.48085639629801,
    19.119465416927138,
    14.17071705960214,
    -12.710060028478619,
    -9.678003008191839,
    -14.942744506019634,
    -12.475424245127728,
    -7.582935053124183,
    9.098657113414157,
    -16.288552656821796,
    4.383276173060998,
    -13.202689040618981,
    18.99176476638549,
    -2.391725661762148,
    -6.797095654785971,
    17.00564073996741,
    13.999404537320885
  ],
  "risk_multiplier": 0.525,
  "confidence_threshold": 0.45,
  "aggression_level": 0.515,
  "evolution_count": 756,
  "total_decisions": 0,
  "override_count": 0,
  "hold_count": 0
}