{
  "saved_at": "2026-04-01T03:27:08.849991",
  "version": "200e",
  "defense_mode": false,
  "defense_mode_start": 2809,
  "consecutive_losses": 0,
  "loss_streak_max": 14,
  "win_count": 1516,
  "loss_count": 1550,
  "recent_pnls": [
    -0.5670304883938209,
    0.23379921220879613,
    -0.8548645983510103,
    -0.9340385665239679,
    0.2581761001741813,
    0.2802363995587087,
    -1.3995163527913848,
    -0.9618707904940857,
    -0.597424505130771,
    -0.3856234835551394,
    0.060028751583385276,
    0.1891025325803238,
    -0.7141088294653934,
    -1.0442460020798119,
    0.2530324338164419,
    0.24062976626563298,
    0.1764309620082573,
    0.19731049807848242,
    -0.06141725129067088,
    -0.4428684611924145,
    0.10185449310289771,
    -1.3949505798788848,
    0.1540540011439554,
    -0.9383696449658935,
    0.2715780609289135,
    -1.8482228984998292,
    0.4523963343157889,
    2.535976294455649,
    5.313448892755505,
    0.678975508542144,
    -0.07218185064316837,
    0.4002137229313658,
    -1.9929438223827336,
    -1.6474615550978229,
    0.47405750043349865,
    0.26503194998434376,
    -0.988603273890871,
    -0.709376516020639,
    -1.2260900484339385,
    0.1283753604380734,
    0.20057426619928678,
    -1.497597785435312,
    0.44719496869778813,
    -1.72475960094546,
    0.425009946550177,
    -1.5281241933471836,
    0.35976142591816185,
    -1.1033510734487502,
    0.5200681448351527,
    0.4312338943933253
  ],
  "risk_multiplier": 1.5,
  "confidence_threshold": 0.415,
  "aggression_level": 2.0,
  "evolution_count": 613,
  "total_decisions": 0,
  "override_count": 0,
  "hold_count": 0
}