{
  "saved_at": "2026-03-28T11:30:20.761560",
  "version": "200e",
  "summary": {
    "deactivated": [],
    "strategies": {
      "GridV2": {
        "status": "active",
        "trades": 50,
        "win_rate": 0.56,
        "total_pnl": -6.749543449059508,
        "avg_pnl": -0.13499086898119017,
        "sharpe": -0.07819596225587332,
        "consecutive_losses": 4,
        "calibrated_confidence": 0.22325600284479097
      }
    },
    "pairs": {
      "ETHUSDT": {
        "trades": 50,
        "win_rate": 0.56,
        "pnl": -6.749543449059508
      }
    },
    "regimes": {
      "RANGING": {
        "trades": 50,
        "win_rate": 0.56,
        "pnl": -0.31917134492183447
      },
      "HIGH_VOLATILITY": {
        "trades": 12,
        "win_rate": 0.4166666666666667,
        "pnl": -8.429158825090749
      }
    }
  },
  "deactivated": [],
  "confidence_ema": {
    "GridV2": 0.22325600284479097
  },
  "windows": {
    "strategy:GridV2": {
      "pnls": [
        0.8798961039607276,
        0.4044429839235114,
        2.6838617896654475,
        -0.5382131771563883,
        -0.7243326920850985,
        -0.5007611721053372,
        -0.5091272187551202,
        0.17590181091385726,
        0.2912955834782655,
        0.2807790759004665,
        -0.6129890191498711,
        -0.9217263906263556,
        -0.6214274186211336,
        -0.5898377391106899,
        0.2701979841039398,
        1.777187238374703,
        0.3994705344191955,
        -0.9863855701891118,
        -1.1509668478373187,
        0.5219908120095702,
        0.6355670719152658,
        0.841614653357269,
        0.6163280074629872,
        -0.8941045366948226,
        0.23788038920518564,
        0.22914416918921193,
        0.615608808474066,
        0.22751500426521432,
        -0.6062322154112685,
        0.10386669664590942,
        0.10289357123585553,
        0.38397253042813967,
        0.23407622985949128,
        0.39084396723532033,
        -1.5042768939492723,
        0.6803744173613786,
        -1.008211612157543,
        -3.4656436456442163,
        5.799419939256931,
        2.50347583120527,
        1.3091803793558165,
        -3.703008285201967,
        1.4648939364153715,
        -3.4559297030990033,
        -4.823285970310835,
        1.959650886699214,
        -0.1365015535044088,
        -1.6303528105265577,
        -1.4166114202498639,
        -2.970947962990908
      ],
      "outcomes": [
        1,
        1,
        1,
        0,
        0,
        0,
        0,
        1,
        1,
        1,
        0,
        0,
        0,
        0,
        1,
        1,
        1,
        0,
        0,
        1,
        1,
        1,
        1,
        0,
        1,
        1,
        1,
        1,
        0,
        1,
        1,
        1,
        1,
        1,
        0,
        1,
        0,
        0,
        1,
        1,
        1,
        0,
        1,
        0,
        0,
        1,
        0,
        0,
        0,
        0
      ]
    },
    "pair:ETHUSDT": {
      "pnls": [
        0.8798961039607276,
        0.4044429839235114,
        2.6838617896654475,
        -0.5382131771563883,
        -0.7243326920850985,
        -0.5007611721053372,
        -0.5091272187551202,
        0.17590181091385726,
        0.2912955834782655,
        0.2807790759004665,
        -0.6129890191498711,
        -0.9217263906263556,
        -0.6214274186211336,
        -0.5898377391106899,
        0.2701979841039398,
        1.777187238374703,
        0.3994705344191955,
        -0.9863855701891118,
        -1.1509668478373187,
        0.5219908120095702,
        0.6355670719152658,
        0.841614653357269,
        0.6163280074629872,
        -0.8941045366948226,
        0.23788038920518564,
        0.22914416918921193,
        0.615608808474066,
        0.22751500426521432,
        -0.6062322154112685,
        0.10386669664590942,
        0.10289357123585553,
        0.38397253042813967,
        0.23407622985949128,
        0.39084396723532033,
        -1.5042768939492723,
        0.6803744173613786,
        -1.008211612157543,
        -3.4656436456442163,
        5.799419939256931,
        2.50347583120527,
        1.3091803793558165,
        -3.703008285201967,
        1.4648939364153715,
        -3.4559297030990033,
        -4.823285970310835,
        1.959650886699214,
        -0.1365015535044088,
        -1.6303528105265577,
        -1.4166114202498639,
        -2.970947962990908
      ],
      "outcomes": [
        1,
        1,
        1,
        0,
        0,
        0,
        0,
        1,
        1,
        1,
        0,
        0,
        0,
        0,
        1,
        1,
        1,
        0,
        0,
        1,
        1,
        1,
        1,
        0,
        1,
        1,
        1,
        1,
        0,
        1,
        1,
        1,
        1,
        1,
        0,
        1,
        0,
        0,
        1,
        1,
        1,
        0,
        1,
        0,
        0,
        1,
        0,
        0,
        0,
        0
      ]
    },
    "regime:RANGING": {
      "pnls": [
        0.15319409482996288,
        0.12413323923297662,
        0.2716066847079242,
        -0.6670921559467925,
        1.096457201643836,
        -0.5271325825686517,
        0.3780847839414582,
        -0.6195344118051523,
        -0.6809968229785768,
        -0.45541459905284654,
        -0.48856743324154445,
        -0.5835247197156669,
        0.8798961039607276,
        0.4044429839235114,
        2.6838617896654475,
        -0.5382131771563883,
        -0.7243326920850985,
        -0.5007611721053372,
        -0.5091272187551202,
        0.17590181091385726,
        0.2912955834782655,
        0.2807790759004665,
        -0.6129890191498711,
        -0.9217263906263556,
        -0.6214274186211336,
        -0.5898377391106899,
        0.2701979841039398,
        1.777187238374703,
        0.3994705344191955,
        -0.9863855701891118,
        -1.1509668478373187,
        0.5219908120095702,
        0.6355670719152658,
        0.841614653357269,
        0.6163280074629872,
        -0.8941045366948226,
        0.23788038920518564,
        0.22914416918921193,
        0.615608808474066,
        0.22751500426521432,
        -0.6062322154112685,
        0.10386669664590942,
        0.10289357123585553,
        0.38397253042813967,
        0.23407622985949128,
        0.39084396723532033,
        -1.5042768939492723,
        0.6803744173613786,
        -1.008211612157543,
        -0.1365015535044088
      ],
      "outcomes": [
        1,
        1,
        1,
        0,
        1,
        0,
        1,
        0,
        0,
        0,
        0,
        0,
        1,
        1,
        1,
        0,
        0,
        0,
        0,
        1,
        1,
        1,
        0,
        0,
        0,
        0,
        1,
        1,
        1,
        0,
        0,
        1,
        1,
        1,
        1,
        0,
        1,
        1,
        1,
        1,
        0,
        1,
        1,
        1,
        1,
        1,
        0,
        1,
        0,
        0
      ]
    },
    "regime:HIGH_VOLATILITY": {
      "pnls": [
        -3.4656436456442163,
        5.799419939256931,
        2.50347583120527,
        1.3091803793558165,
        -3.703008285201967,
        1.4648939364153715,
        -3.4559297030990033,
        -4.823285970310835,
        1.959650886699214,
        -1.6303528105265577,
        -1.4166114202498639,
        -2.970947962990908
      ],
      "outcomes": [
        0,
        1,
        1,
        1,
        0,
        1,
        0,
        0,
        1,
        0,
        0,
        0
      ]
    },