{
  "saved_at": "2026-04-01T03:27:26.077290",
  "version": "200e",
  "defense_mode": false,
  "defense_mode_start": 4706,
  "consecutive_losses": 0,
  "loss_streak_max": 13,
  "win_count": 1545,
  "loss_count": 1606,
  "recent_pnls": [
    0.183421816510366,
    0.4309009992773503,
    -3.350219215761529,
    0.35246762386358477,
    0.7143725705704465,
    0.4274995706833993,
    0.491381698724319,
    1.032785726875335,
    1.0151220260670475,
    5.800424808990994,
    9.837602612649947,
    1.9637873121390452,
    -3.709200378336978,
    1.6640334791258167,
    -6.697478358269502,
    0.7528015473675752,
    -3.124243320078986,
    0.5128481488646868,
    0.7879954918288213,
    -3.8456307312784688,
    0.5527705704314896,
    0.560618002727673,
    0.4781917381445976,
    0.7311236875549255,
    -1.9341239827012937,
    -3.0198044325306785,
    1.1631387156840503,
    0.6404987212448984,
    0.8322202017572189,
    4.870762928672003,
    -0.7662094992973909,
    -3.1516940874987447,
    0.9521509587823753,
    -2.9411467868649463,
    3.44031917934942,
    -4.08405614688469,
    0.817526018361826,
    -3.585699047318687,
    -2.375761385403954,
    0.7608891187187448,
    -2.9832586306081965,
    -2.611689851718252,
    2.7312987667470368,
    0.34698097951879786,
    -3.159299749827694,
    -3.9337988892040023,
    0.9234774804520259,
    0.06577030677028689,
    -3.431829394734703,
    0.6652853320880191
  ],
  "risk_multiplier": 1.5,
  "confidence_threshold": 0.41,
  "aggression_level": 2.0,
  "evolution_count": 630,
  "total_decisions": 0,
  "override_count": 0,
  "hold_count": 0
}