{
  "saved_at": "2026-04-03T17:59:26.349651",
  "version": "200e",
  "defense_mode": false,
  "defense_mode_start": 1459,
  "consecutive_losses": 1,
  "loss_streak_max": 13,
  "win_count": 1755,
  "loss_count": 2045,
  "recent_pnls": [
    -15.729890152107245,
    5.210621373598922,
    1.6378254033264226,
    9.531945841443562,
    12.678322049346411,
    5.970066820103225,
    -20.26840362106063,
    -11.836383645424496,
    -20.650603136314803,
    -19.732028364938948,
    -4.953644659732004,
    -10.211568312382672,
    -19.000037328599213,
    -11.884745744432927,
    -21.72702769936835,
    3.63710971841539,
    -9.608158377858075,
    6.027009480951073,
    3.0206332542999768,
    13.425522876122736,
    5.546977823428304,
    23.728130621808074,
    6.530703135190415,
    -14.815042584894883,
    -12.468595239796219,
    31.650320825085696,
    17.402736826712648,
    35.984027831351284,
    62.57088259616779,
    -29.981197434303624,
    -38.08864488229392,
    15.949194424152214,
    30.715387390458,
    -24.557893475364036,
    -14.947691161806901,
    6.628267618745533,
    3.1795344472124487,
    19.0873209269754,
    43.076466195897325,
    -21.88833337537679,
    -23.036224400931264,
    30.556800723919498,
    36.819603697135605,
    -29.329348017562335,
    15.449149221502744,
    -20.898663143241713,
    -28.12740703714818,
    -17.81729919565531,
    13.100705854511641,
    -20.834954281884876
  ],
  "risk_multiplier": 0.6472661944218753,
  "confidence_threshold": 0.43,
  "aggression_level": 0.5841900860768132,
  "evolution_count": 760,
  "total_decisions": 0,
  "override_count": 0,
  "hold_count": 0
}