{
  "saved_at": "2026-04-03T20:41:14.247920",
  "version": "200e",
  "defense_mode": false,
  "defense_mode_start": 8431,
  "consecutive_losses": 1,
  "loss_streak_max": 13,
  "win_count": 2095,
  "loss_count": 2578,
  "recent_pnls": [
    -12.3912550876512,
    -15.633959278767678,
    -7.177406448004285,
    3.7409559660542198,
    23.790341753618353,
    -6.638905857493508,
    -7.244309628233652,
    14.133739272482057,
    -14.00172385403291,
    -14.690584800440005,
    -11.311372444005148,
    5.3902418926835125,
    -20.80814348561682,
    -18.296802576902962,
    -17.79506223940879,
    -12.28966559698751,
    -8.36097768766553,
    -10.208753240238453,
    2.140747386934554,
    9.844904510889878,
    11.456641896769446,
    -18.342994670945796,
    12.866482392176064,
    12.229934123306009,
    -17.1269206548688,
    21.76022449657781,
    -8.616276419355446,
    0.743586883928869,
    -25.99469212662244,
    -31.79133568035651,
    20.735508241758964,
    36.90870863355432,
    131.80898135928956,
    -113.17280503850272,
    39.941088568147094,
    31.2215022897004,
    -0.9660907703966108,
    7.440618583480012,
    52.41692245385111,
    -35.51732327371691,
    -3.407846073480686,
    78.08627513621448,
    -49.379092796068505,
    -31.578602809876998,
    76.0163649201363,
    58.13867797782212,
    -25.214247494801764,
    -38.05772873684649,
    26.797667670084515,
    -28.366006468360148
  ],
  "risk_multiplier": 0.6077531250000001,
  "confidence_threshold": 0.435,
  "aggression_level": 0.5627544050000001,
  "evolution_count": 934,
  "total_decisions": 0,
  "override_count": 0,
  "hold_count": 0
}