{
  "saved_at": "2026-04-03T20:37:35.270363",
  "version": "200e",
  "defense_mode": false,
  "defense_mode_start": 8431,
  "consecutive_losses": 0,
  "loss_streak_max": 13,
  "win_count": 2084,
  "loss_count": 2567,
  "recent_pnls": [
    6.936742705447445,
    -7.438163063347583,
    -11.948899175452254,
    -9.541305081849167,
    -5.27241385437637,
    3.828159788582843,
    -4.763424442229491,
    -7.594679381639254,
    3.608830254140547,
    0.7720933156854234,
    -8.437283117778312,
    6.732430403448282,
    -14.741138992496364,
    -10.093256228125082,
    10.96971853977631,
    -15.7491549498624,
    9.480755802150858,
    -16.5649840059016,
    -15.6206921350974,
    -17.516455142754385,
    9.188082957071497,
    9.971324998171296,
    -12.3912550876512,
    -15.633959278767678,
    -7.177406448004285,
    3.7409559660542198,
    23.790341753618353,
    -6.638905857493508,
    -7.244309628233652,
    14.133739272482057,
    -14.00172385403291,
    -14.690584800440005,
    -11.311372444005148,
    5.3902418926835125,
    -20.80814348561682,
    -18.296802576902962,
    -17.79506223940879,
    -12.28966559698751,
    -8.36097768766553,
    -10.208753240238453,
    2.140747386934554,
    9.844904510889878,
    11.456641896769446,
    -18.342994670945796,
    12.866482392176064,
    12.229934123306009,
    -17.1269206548688,
    21.76022449657781,
    -8.616276419355446,
    0.743586883928869
  ],
  "risk_multiplier": 0.525,
  "confidence_threshold": 0.445,
  "aggression_level": 0.515,
  "evolution_count": 930,
  "total_decisions": 0,
  "override_count": 0,
  "hold_count": 0
}