{
  "saved_at": "2026-04-03T22:25:08.490573",
  "version": "200e",
  "defense_mode": false,
  "defense_mode_start": 986,
  "consecutive_losses": 1,
  "loss_streak_max": 13,
  "win_count": 2128,
  "loss_count": 2611,
  "recent_pnls": [
    44.138006327526995,
    35.65507251411337,
    -135.43743046572106,
    136.2548682505487,
    209.5973846425777,
    130.71703313559445,
    75.34911822982845,
    107.28049964258555,
    -177.20567448587772,
    -111.11593200298776,
    -107.78878671350294,
    97.05155049397432,
    -94.6597348860881,
    -169.05592528486747,
    -167.44032604972853,
    -161.3535395921669,
    -134.54785678929514,
    187.63526026190047,
    192.27037587133992,
    -162.77817595727058,
    141.47302031454652,
    -166.45764689225422,
    110.5288010537499,
    153.02096498886291,
    139.7566367782558,
    -174.61422456390181,
    -173.2624957778811,
    36.92596286671647,
    75.31828906980495,
    -174.21599669918496,
    -16.35128772175083,
    -94.57288597054674,
    74.45530781103109,
    136.12063947404465,
    293.74729738988265,
    -179.68171978526627,
    -124.8909763753978,
    53.09655679578635,
    162.95163489597275,
    189.69046813426837,
    -183.5893409949659,
    183.82726310371032,
    118.28984895582853,
    142.90826796829163,
    -152.86961478642363,
    -189.99495396225353,
    -145.50394786479777,
    154.64052165412423,
    259.8704838635854,
    -100.52717244543051
  ],
  "risk_multiplier": 0.6472661944218753,
  "confidence_threshold": 0.44,
  "aggression_level": 0.5841900860768132,
  "evolution_count": 947,
  "total_decisions": 0,
  "override_count": 0,
  "hold_count": 0
}