{
  "saved_at": "2026-03-31T17:17:24.081058",
  "version": "200e",
  "defense_mode": false,
  "defense_mode_start": 2170,
  "consecutive_losses": 1,
  "loss_streak_max": 13,
  "win_count": 1110,
  "loss_count": 1319,
  "recent_pnls": [
    -3.4985672350105097,
    1.079684088993722,
    -1.6797265401236554,
    1.253229874642585,
    1.3146498629661567,
    1.3701111023952883,
    -0.40064889978066354,
    -0.43730627562612284,
    -1.7330235764240514,
    0.5318349937321118,
    0.8553313402843862,
    -0.3118531473825686,
    -2.3205576294268537,
    -4.210247338273194,
    0.23471489030857481,
    0.5315635823875826,
    -1.6233217201167647,
    -0.007699889333448978,
    -3.7344801081728454,
    -4.645582137223959,
    11.775372655020364,
    -0.07186537327000772,
    -2.335481648852595,
    1.4187832764019834,
    -0.48840829910077055,
    4.557586566614008,
    -5.207793241172632,
    -4.08322875333978,
    -4.363316266541112,
    1.9722361765459375,
    5.2354551450080296,
    4.261414715380734,
    6.189900099731785,
    -0.18743060935101086,
    1.1867605491585895,
    -3.2500333702658084,
    -1.8255148384023487,
    -0.46084309846675486,
    -4.1355003719485754,
    1.7120035614745144,
    -2.226093894960517,
    -3.6339034567637,
    -3.641696059960165,
    -4.02144124584584,
    -4.03759523403173,
    -1.5674195799187038,
    -4.6153449314029675,
    6.85637335157156,
    1.6653738624041312,
    -1.7817105104045787
  ],
  "risk_multiplier": 0.5,
  "confidence_threshold": 0.45,
  "aggression_level": 0.5,
  "evolution_count": 485,
  "total_decisions": 0,
  "override_count": 0,
  "hold_count": 0
}