{
  "saved_at": "2026-03-28T11:13:17.276853",
  "version": "200e",
  "summary": {
    "deactivated": [],
    "strategies": {
      "GridV2": {
        "status": "active",
        "trades": 50,
        "win_rate": 0.4,
        "total_pnl": -25.30581229022484,
        "avg_pnl": -0.5061162458044968,
        "sharpe": -0.42284815093919054,
        "consecutive_losses": 4,
        "calibrated_confidence": 0.28958423516982384
      }
    },
    "pairs": {
      "ETHUSDT": {
        "trades": 50,
        "win_rate": 0.4,
        "pnl": -25.30581229022484
      }
    },
    "regimes": {
      "RANGING": {
        "trades": 50,
        "win_rate": 0.4,
        "pnl": -25.30581229022484
      }
    }
  },
  "deactivated": [],
  "confidence_ema": {
    "GridV2": 0.28958423516982384
  },
  "windows": {
    "strategy:GridV2": {
      "pnls": [
        -0.948840302314025,
        -2.715140659913466,
        0.8421253264885146,
        1.1329989217182608,
        -1.6665486222940842,
        1.8731514484173672,
        -1.4515479503738908,
        -0.9844225610663726,
        0.5150938619209668,
        -1.353256736579016,
        -1.376009017298233,
        -0.9610859445956321,
        0.8990547145112505,
        -1.1124446341122416,
        -0.806500649072241,
        0.3968011906431489,
        -0.6728644696045888,
        -1.0629379435986783,
        -1.3890938252636373,
        -1.8241689981490519,
        -0.7497603436579472,
        -1.6294357686050476,
        -0.9988551440131466,
        -2.127430920807574,
        0.7994272339466619,
        2.0408044923128053,
        0.29612711667023645,
        -0.8340197050110626,
        -1.508930852637395,
        0.22160301751243028,
        0.2636569468319835,
        -1.7980019218418906,
        -1.7902479953824912,
        0.8804663685242466,
        1.178547712258529,
        -1.2188892744924966,
        -1.6328179274678867,
        0.7558572898652364,
        0.6145333170875907,
        0.5382824908028758,
        0.4839584032286511,
        -0.4963430011588847,
        0.8131197937452473,
        -1.3466722525707955,
        1.1362391982700968,
        0.6305514186334291,
        -2.042192924154442,
        -1.8211207345617555,
        -2.141319285836551,
        -1.1573121871798453
      ],
      "outcomes": [
        0,
        0,
        1,
        1,
        0,
        1,
        0,
        0,
        1,
        0,
        0,
        0,
        1,
        0,
        0,
        1,
        0,
        0,
        0,
        0,
        0,
        0,
        0,
        0,
        1,
        1,
        1,
        0,
        0,
        1,
        1,
        0,
        0,
        1,
        1,
        0,
        0,
        1,
        1,
        1,
        1,
        0,
        1,
        0,
        1,
        1,
        0,
        0,
        0,
        0
      ]
    },
    "pair:ETHUSDT": {
      "pnls": [
        -0.948840302314025,
        -2.715140659913466,
        0.8421253264885146,
        1.1329989217182608,
        -1.6665486222940842,
        1.8731514484173672,
        -1.4515479503738908,
        -0.9844225610663726,
        0.5150938619209668,
        -1.353256736579016,
        -1.376009017298233,
        -0.9610859445956321,
        0.8990547145112505,
        -1.1124446341122416,
        -0.806500649072241,
        0.3968011906431489,
        -0.6728644696045888,
        -1.0629379435986783,
        -1.3890938252636373,
        -1.8241689981490519,
        -0.7497603436579472,
        -1.6294357686050476,
        -0.9988551440131466,
        -2.127430920807574,
        0.7994272339466619,
        2.0408044923128053,
        0.29612711667023645,
        -0.8340197050110626,
        -1.508930852637395,
        0.22160301751243028,
        0.2636569468319835,
        -1.7980019218418906,
        -1.7902479953824912,
        0.8804663685242466,
        1.178547712258529,
        -1.2188892744924966,
        -1.6328179274678867,
        0.7558572898652364,
        0.6145333170875907,
        0.5382824908028758,
        0.4839584032286511,
        -0.4963430011588847,
        0.8131197937452473,
        -1.3466722525707955,
        1.1362391982700968,
        0.6305514186334291,
        -2.042192924154442,
        -1.8211207345617555,
        -2.141319285836551,
        -1.1573121871798453
      ],
      "outcomes": [
        0,
        0,
        1,
        1,
        0,
        1,
        0,
        0,
        1,
        0,
        0,
        0,
        1,
        0,
        0,
        1,
        0,
        0,
        0,
        0,
        0,
        0,
        0,
        0,
        1,
        1,
        1,
        0,
        0,
        1,
        1,
        0,
        0,
        1,
        1,
        0,
        0,
        1,
        1,
        1,
        1,
        0,
        1,
        0,
        1,
        1,
        0,
        0,
        0,
        0
      ]
    },
    "regime:RANGING": {
      "pnls": [
        -0.948840302314025,
        -2.715140659913466,
        0.8421253264885146,
        1.1329989217182608,
        -1.6665486222940842,
        1.8731514484173672,
        -1.4515479503738908,
        -0.9844225610663726,
        0.5150938619209668,
        -1.353256736579016,
        -1.376009017298233,
        -0.9610859445956321,
        0.8990547145112505,
        -1.1124446341122416,
        -0.806500649072241,
        0.3968011906431489,
        -0.6728644696045888,
        -1.0629379435986783,
        -1.3890938252636373,
        -1.8241689981490519,
        -0.7497603436579472,
        -1.6294357686050476,
        -0.9988551440131466,
        -2.127430920807574,
        0.7994272339466619,
        2.0408044923128053,
        0.29612711667023645,
        -0.8340197050110626,
        -1.508930852637395,
        0.22160301751243028,
        0.2636569468319835,
        -1.7980019218418906,
        -1.7902479953824912,
        0.8804663685242466,
        1.178547712258529,
        -1.2188892744924966,
        -1.6328179274678867,
        0.7558572898652364,
        0.6145333170875907,
        0.5382824908028758,
        0.4839584032286511,
        -0.4963430011588847,
        0.8131197937452473,
        -1.3466722525707955,
        1.1362391982700968,
        0.6305514186334291,
        -2.042192924154442,
        -1.8211207345617555,
        -2.141319285836551,
        -1.1573121871798453
      ],
      "outcomes": [
        0,
        0,
        1,
        1,
        0,
        1,
        0,
        0,
        1,
        0,
        0,
        0,
        1,
        0,
        0,
        1,
        0,
        0,
        0,
        0,
        0,
        0,
        0,
        0,
        1,
        1,
        1,
        0,
        0,
        1,
        1,
        0,
        0,
        1,
        1,
        0,
        0,
        1,
        1,
        1,
        1,
        0,
        1,
        0,
        1,
        1,
        0,
        0,
        0,
        0
      ]
    },