{
  "saved_at": "2026-03-31T17:11:09.103162",
  "version": "200e",
  "defense_mode": false,
  "defense_mode_start": 13767,
  "consecutive_losses": 0,
  "loss_streak_max": 13,
  "win_count": 1001,
  "loss_count": 1137,
  "recent_pnls": [
    1.6462283793355508,
    0.28863323115231954,
    -0.9810929798386536,
    0.26226375161469034,
    0.28036321035947714,
    -0.95769611710952,
    -0.5335748154307268,
    0.1849358534286569,
    -0.4707286829750683,
    0.3969747659505578,
    1.1554577363632492,
    2.4754023176536704,
    -0.7912842633658234,
    -1.6933245666859658,
    0.4697144084291968,
    -0.8303989652821914,
    -1.3240674874381115,
    1.05705879122908,
    -0.5353091179433331,
    -0.7310486434613291,
    1.502052180572496,
    0.9112889819878018,
    0.3306966809149727,
    -1.1028135594829154,
    -0.656576812260019,
    0.5771112801556668,
    -0.5837166953227518,
    0.23447556593413676,
    -1.2347705271085292,
    0.5617060053697355,
    0.3627818410682957,
    0.2816567625217378,
    1.1682704159877142,
    2.1096930434673102,
    0.31355019844663645,
    -0.6465490831034555,
    -0.6747564126561484,
    -1.5293228806006545,
    0.7929396041201451,
    0.39762500117660043,
    -1.9485188084695728,
    -1.4393609061597068,
    1.657928527501317,
    -1.1244200949433667,
    -0.9779268139551024,
    -0.9914954539413066,
    -1.2950568549892216,
    -1.5055447013986836,
    -0.68885139590564,
    0.28787810577809436
  ],
  "risk_multiplier": 0.5671284751125003,
  "confidence_threshold": 0.45,
  "aggression_level": 0.5388160988087113,
  "evolution_count": 427,
  "total_decisions": 0,
  "override_count": 0,
  "hold_count": 0
}