{
  "saved_at": "2026-04-01T03:28:28.693258",
  "version": "200e",
  "defense_mode": false,
  "defense_mode_start": 5169,
  "consecutive_losses": 0,
  "loss_streak_max": 13,
  "win_count": 1402,
  "loss_count": 1483,
  "recent_pnls": [
    1.5103874657138758,
    0.719906472431395,
    1.3799047233634056,
    0.8797794357046348,
    -5.271131399807849,
    -0.630182258741372,
    1.2156349276535205,
    1.7789289189824018,
    -4.748999923690468,
    2.089809106440348,
    1.5904459759969576,
    -3.642120019366094,
    -5.6275676956871425,
    -6.190662357355127,
    -6.2004613036142695,
    1.6740946942929402,
    -6.631421839209031,
    1.8624367350356406,
    1.6181069638391068,
    2.0419697276796187,
    1.9300979533231404,
    2.228102275637945,
    1.4204675689940016,
    1.567994297396075,
    2.371107579391461,
    -0.7888593015785395,
    1.1536120957139175,
    -0.6054527867621522,
    1.4708640081933897,
    1.6595257286224814,
    1.8022544914749328,
    -4.802066881775811,
    1.804444015791519,
    1.8357981255850675,
    11.058074780753678,
    1.5726231403965814,
    1.7252381312689413,
    1.7197155989005513,
    -4.04820344462849,
    -3.617028842220435,
    -4.0658075948454275,
    -3.55877752557903,
    1.2308912357737913,
    1.4309670550804712,
    -0.5509045709805767,
    -2.168620588723747,
    -6.6492854629466756,
    2.0001291606971523,
    2.0274970978168287,
    1.2486966534383188
  ],
  "risk_multiplier": 1.5,
  "confidence_threshold": 0.44,
  "aggression_level": 1.8630560568488128,
  "evolution_count": 577,
  "total_decisions": 0,
  "override_count": 0,
  "hold_count": 0
}