{
  "saved_at": "2026-04-01T03:25:19.065292",
  "version": "200e",
  "defense_mode": false,
  "defense_mode_start": 5169,
  "consecutive_losses": 3,
  "loss_streak_max": 13,
  "win_count": 1367,
  "loss_count": 1462,
  "recent_pnls": [
    -0.9116747359387622,
    -1.6074196879300118,
    -1.0271097132379936,
    -0.9441429457778598,
    -1.899479505354468,
    0.211143302895446,
    -1.3380336444506549,
    0.1566738051547713,
    0.39054964337892734,
    -1.0419459567647482,
    -1.4674440231536083,
    0.33830594100433503,
    0.22020683097504593,
    0.21508097942697868,
    0.38083157625009645,
    0.16480997951988458,
    2.0364645436603728,
    -1.246787421148546,
    0.1776818390851003,
    -2.628982452119321,
    -1.2463713036395017,
    -1.6965150353526832,
    -0.6097406449925753,
    0.7578069695842302,
    -1.1031393210627132,
    -0.7153450598341358,
    -0.5574064311992453,
    1.1924509319574925,
    2.2585349831583055,
    -1.2056623532112125,
    0.3942089993605621,
    -1.9774039614346044,
    -1.667132939636962,
    1.979748479271076,
    0.5059825800227357,
    -1.0865848109174545,
    5.63654759833329,
    3.7946043625881836,
    0.25692180229574463,
    -2.2082543760166295,
    -2.5970750540801517,
    2.5372576580810895,
    -2.3985171719539617,
    4.773995556712616,
    -1.2316417233215826,
    -2.1986239524353537,
    0.38095219948520914,
    -2.5561706480283832,
    -1.2137933608901608,
    -1.2685128353440516
  ],
  "risk_multiplier": 1.3800000000000001,
  "confidence_threshold": 0.45,
  "aggression_level": 1.642400123084219,
  "evolution_count": 565,
  "total_decisions": 0,
  "override_count": 0,
  "hold_count": 0
}