{
  "saved_at": "2026-04-03T16:28:07.626222",
  "version": "200e",
  "defense_mode": false,
  "defense_mode_start": 5169,
  "consecutive_losses": 1,
  "loss_streak_max": 13,
  "win_count": 1378,
  "loss_count": 1473,
  "recent_pnls": [
    -0.6097406449925753,
    0.7578069695842302,
    -1.1031393210627132,
    -0.7153450598341358,
    -0.5574064311992453,
    1.1924509319574925,
    2.2585349831583055,
    -1.2056623532112125,
    0.3942089993605621,
    -1.9774039614346044,
    -1.667132939636962,
    1.979748479271076,
    0.5059825800227357,
    -1.0865848109174545,
    5.63654759833329,
    3.7946043625881836,
    0.25692180229574463,
    -2.2082543760166295,
    -2.5970750540801517,
    2.5372576580810895,
    -2.3985171719539617,
    4.773995556712616,
    -1.2316417233215826,
    -2.1986239524353537,
    0.38095219948520914,
    -2.5561706480283832,
    -1.2137933608901608,
    -1.2685128353440516,
    -25.99469212662244,
    -31.79133568035651,
    20.735508241758964,
    36.90818208389252,
    131.80710093656202,
    -113.17119048452821,
    39.94051875772954,
    31.221524709064003,
    -0.9660914641217255,
    7.440762609662328,
    52.41661912528527,
    -35.517209925010896,
    -3.407835197803491,
    78.08538260610355,
    -49.378921339255704,
    -31.578493160908497,
    76.01805832814335,
    58.13497292730571,
    -25.21271306821102,
    -38.055412713297926,
    26.796307541967142,
    -28.365807248297997
  ],
  "risk_multiplier": 1.33308,
  "confidence_threshold": 0.45,
  "aggression_level": 1.607088520437908,
  "evolution_count": 570,
  "total_decisions": 0,
  "override_count": 0,
  "hold_count": 0
}