{
  "saved_at": "2026-04-01T05:37:43.122581",
  "version": "200e",
  "defense_mode": false,
  "defense_mode_start": 5169,
  "consecutive_losses": 0,
  "loss_streak_max": 13,
  "win_count": 1416,
  "loss_count": 1520,
  "recent_pnls": [
    -1.4870075989855533,
    -2.7626990406511274,
    2.202812915665275,
    2.1669963204893863,
    -5.71775472147311,
    -3.3054424419425446,
    -0.25135888132325235,
    -1.9974142385494191,
    -8.39192390277327,
    1.3008387876960676,
    6.021161758548512,
    2.639810711273135,
    -4.3307540550893115,
    1.3450406463288536,
    -4.678017543796857,
    -0.46475082107009763,
    4.944606312365311,
    1.2111657058807739,
    2.5186315118817046,
    -2.356209447514026,
    -2.8419509664570306,
    0.7806498911654527,
    -1.836765536582913,
    -2.527329927981745,
    0.3912507738767158,
    -3.4375599530458376,
    0.7916590568214317,
    -3.333566145418003,
    -3.872355823850871,
    -3.0258468865104025,
    3.3282355635273597,
    -3.0520655565275083,
    1.227698856278904,
    -4.489074932946169,
    -5.124536484478322,
    1.1408279684893379,
    -4.384776526213759,
    -4.12089813878966,
    4.173945534285966,
    0.6346669932926178,
    -0.07391697110573536,
    -2.127309302119844,
    -3.154843180665956,
    -4.110859743569882,
    -3.5377593239165104,
    0.8688984945751251,
    -2.5606464134701206,
    -2.348219435080196,
    -3.3953776824715387,
    1.2209800734938816
  ],
  "risk_multiplier": 1.1283189120000003,
  "confidence_threshold": 0.45,
  "aggression_level": 1.5174708024037131,
  "evolution_count": 587,
  "total_decisions": 0,
  "override_count": 0,
  "hold_count": 0
}