{
  "saved_at": "2026-04-01T06:22:06.972225",
  "version": "200e",
  "defense_mode": false,
  "defense_mode_start": 985,
  "consecutive_losses": 0,
  "loss_streak_max": 13,
  "win_count": 1421,
  "loss_count": 1511,
  "recent_pnls": [
    0.39204405618160443,
    -0.2781251545415172,
    2.9156297366693567,
    0.9180121228994484,
    -2.1694150597693236,
    -2.149807906279689,
    0.004130975488967903,
    -2.000564125136913,
    2.100309009509394,
    -8.260981841681431,
    1.2058448735352116,
    2.097084001593186,
    6.610626994003965,
    7.017863503619831,
    9.853679548005918,
    3.156542836326104,
    -11.116215554725667,
    1.3633592959509848,
    -4.751400472555326,
    -0.4806955181293069,
    5.011868414323945,
    1.2276413454062158,
    2.55289277331414,
    3.9505963166790004,
    -4.053468835607788,
    -3.1115864413367986,
    -2.384949458061302,
    -2.161408724147807,
    0.7903968165821704,
    -1.8563821561957876,
    2.0071602518276137,
    -2.065942707713901,
    -3.3457415332370424,
    -3.881888983841336,
    4.917818547801116,
    0.9468008551227397,
    3.442212552187707,
    -3.494893056868619,
    0.9713858951615968,
    5.364686231646481,
    1.1859828794050247,
    -4.565479254613974,
    3.6336610646956906,
    2.561574044905679,
    0.6695243823219407,
    -2.4827527970919423,
    0.7219558196058248,
    -3.644836444418845,
    -3.452944500032093,
    1.0824284984215897
  ],
  "risk_multiplier": 1.5,
  "confidence_threshold": 0.43,
  "aggression_level": 1.7454540184191607,
  "evolution_count": 586,
  "total_decisions": 0,
  "override_count": 0,
  "hold_count": 0
}