{
  "saved_at": "2026-03-28T10:40:19.873335",
  "version": "200e",
  "defense_mode": false,
  "defense_mode_start": 6197,
  "consecutive_losses": 1,
  "loss_streak_max": 7,
  "win_count": 50,
  "loss_count": 50,
  "recent_pnls": [
    0.35925279139847255,
    0.15319409482996288,
    0.12413323923297662,
    0.2716066847079242,
    -0.6670921559467925,
    1.096457201643836,
    -0.5271325825686517,
    0.3780847839414582,
    -0.6195344118051523,
    -0.6809968229785768,
    -0.45541459905284654,
    -0.48856743324154445,
    -0.5835247197156669,
    0.8798961039607276,
    0.4044429839235114,
    2.6838617896654475,
    -0.5382131771563883,
    -0.7243326920850985,
    -0.5007611721053372,
    -0.5091272187551202,
    0.17590181091385726,
    0.2912955834782655,
    0.2807790759004665,
    -0.6129890191498711,
    -0.9217263906263556,
    -0.6214274186211336,
    -0.5898377391106899,
    0.2701979841039398,
    1.777187238374703,
    0.3994705344191955,
    -0.9863855701891118,
    -1.1509668478373187,
    0.5219908120095702,
    0.6355670719152658,
    0.841614653357269,
    0.6163280074629872,
    -0.8941045366948226,
    0.23788038920518564,
    0.22914416918921193,
    0.615608808474066,
    0.22751500426521432,
    -0.6062322154112685,
    0.10386669664590942,
    0.10289357123585553,
    0.38397253042813967,
    0.23407622985949128,
    0.39084396723532033,
    -1.5042768939492723,
    0.6803744173613786,
    -1.008211612157543
  ],
  "risk_multiplier": 0.9406556224846384,
  "confidence_threshold": 0.36,
  "aggression_level": 0.9591281865378402,
  "evolution_count": 20,
  "total_decisions": 0,
  "override_count": 0,
  "hold_count": 0
}