{
  "saved_at": "2026-04-06T00:35:58.986787",
  "version": "200e",
  "defense_mode": false,
  "defense_mode_start": 8431,
  "consecutive_losses": 0,
  "loss_streak_max": 13,
  "win_count": 2124,
  "loss_count": 2614,
  "recent_pnls": [
    -31.78420342044737,
    -50.72130717955032,
    49.60447761683036,
    35.24861264212253,
    67.5672625965227,
    84.61387078771571,
    -24.18794522489485,
    -35.15910278644666,
    15.712920362411674,
    30.25067087290906,
    25.088303389865445,
    -23.71084479544558,
    -28.084000077090156,
    13.197625557386479,
    22.20093574977041,
    5.627478459108688,
    -16.76374650021976,
    -16.06937036369096,
    -25.602714833555275,
    -30.270050090411914,
    29.92289086022583,
    -20.550538360064195,
    -20.427339403855687,
    -19.043901950088763,
    29.58510552528942,
    -21.223512166200724,
    27.361876650391835,
    11.154806172445696,
    9.560197128305107,
    -16.651860613378197,
    -24.90157040958478,
    -25.814523470205096,
    16.727622109933133,
    7.544253857008593,
    24.40433536349223,
    34.741564417084824,
    -12.489549699866622,
    17.196394520213182,
    -31.126923107956014,
    -1.4788948870107796,
    19.273870804077013,
    31.16279081547256,
    -13.186285343595262,
    74.25987005553633,
    -27.414567555718754,
    -19.26213513593157,
    -22.30133086679764,
    16.54692206615862,
    -8.920710623617957,
    29.08653175049013
  ],
  "risk_multiplier": 0.5671284751125002,
  "confidence_threshold": 0.445,
  "aggression_level": 0.5388160988087113,
  "evolution_count": 947,
  "total_decisions": 0,
  "override_count": 0,
  "hold_count": 0
}