{
  "saved_at": "2026-03-28T19:46:02.841543",
  "version": "200e",
  "summary": {
    "deactivated": [],
    "strategies": {
      "GridV2": {
        "status": "active",
        "trades": 50,
        "win_rate": 0.54,
        "total_pnl": -36.96674646087969,
        "avg_pnl": -0.7393349292175938,
        "sharpe": -0.0946276633009976,
        "consecutive_losses": 0,
        "calibrated_confidence": 0.7349136367511844
      }
    },
    "pairs": {
      "SOLUSDT": {
        "trades": 50,
        "win_rate": 0.54,
        "pnl": -36.96674646087969
      }
    },
    "regimes": {
      "RANGING": {
        "trades": 50,
        "win_rate": 0.56,
        "pnl": -17.632685485983455
      },
      "HIGH_VOLATILITY": {
        "trades": 9,
        "win_rate": 0.6666666666666666,
        "pnl": -11.90756842764364
      }
    }
  },
  "deactivated": [],
  "confidence_ema": {
    "GridV2": 0.7349136367511844
  },
  "windows": {
    "strategy:GridV2": {
      "pnls": [
        1.6971338636972573,
        4.827563340255721,
        -6.049601670284568,
        -10.415218592706585,
        10.453991382119613,
        -6.425672689453818,
        2.077665373670226,
        -8.23861960803993,
        1.8149364015510487,
        1.2516061034098453,
        -3.6130735001287366,
        -4.287194985167863,
        -8.523930104149375,
        -4.14028053475284,
        -7.8391737059027795,
        -9.340018274163441,
        7.833978719801264,
        1.5042832005324234,
        3.946290923399065,
        -4.4542417027964465,
        -3.5489474867936535,
        0.9827188542712935,
        -3.420001140406233,
        -4.429991736160089,
        1.4097850123428954,
        -6.006787980256714,
        -5.111854166609613,
        -4.0027755723169,
        3.2909544594407,
        1.5821378725838955,
        -4.547891629481672,
        8.19160273254901,
        8.347973825615007,
        11.701943493096154,
        2.901488216231144,
        -4.89408866168945,
        -8.876366062840722,
        7.652344823542845,
        4.608944574544635,
        0.914680195032748,
        6.114528403178579,
        6.384883158739387,
        13.196190551509341,
        -28.21588056433835,
        4.339486670613096,
        -11.599359132203544,
        -16.58185087868538,
        4.518658546031543,
        7.929516124147472,
        8.120787096542797
      ],
      "outcomes": [
        1,
        1,
        0,
        0,
        1,
        0,
        1,
        0,
        1,
        1,
        0,
        0,
        0,
        0,
        0,
        0,
        1,
        1,
        1,
        0,
        0,
        1,
        0,
        0,
        1,
        0,
        0,
        0,
        1,
        1,
        0,
        1,
        1,
        1,
        1,
        0,
        0,
        1,
        1,
        1,
        1,
        1,
        1,
        0,
        1,
        0,
        0,
        1,
        1,
        1
      ]
    },
    "pair:SOLUSDT": {
      "pnls": [
        1.6971338636972573,
        4.827563340255721,
        -6.049601670284568,
        -10.415218592706585,
        10.453991382119613,
        -6.425672689453818,
        2.077665373670226,
        -8.23861960803993,
        1.8149364015510487,
        1.2516061034098453,
        -3.6130735001287366,
        -4.287194985167863,
        -8.523930104149375,
        -4.14028053475284,
        -7.8391737059027795,
        -9.340018274163441,
        7.833978719801264,
        1.5042832005324234,
        3.946290923399065,
        -4.4542417027964465,
        -3.5489474867936535,
        0.9827188542712935,
        -3.420001140406233,
        -4.429991736160089,
        1.4097850123428954,
        -6.006787980256714,
        -5.111854166609613,
        -4.0027755723169,
        3.2909544594407,
        1.5821378725838955,
        -4.547891629481672,
        8.19160273254901,
        8.347973825615007,
        11.701943493096154,
        2.901488216231144,
        -4.89408866168945,
        -8.876366062840722,
        7.652344823542845,
        4.608944574544635,
        0.914680195032748,
        6.114528403178579,
        6.384883158739387,
        13.196190551509341,
        -28.21588056433835,
        4.339486670613096,
        -11.599359132203544,
        -16.58185087868538,
        4.518658546031543,
        7.929516124147472,
        8.120787096542797
      ],
      "outcomes": [
        1,
        1,
        0,
        0,
        1,
        0,
        1,
        0,
        1,
        1,
        0,
        0,
        0,
        0,
        0,
        0,
        1,
        1,
        1,
        0,
        0,
        1,
        0,
        0,
        1,
        0,
        0,
        0,
        1,
        1,
        0,
        1,
        1,
        1,
        1,
        0,
        0,
        1,
        1,
        1,
        1,
        1,
        1,
        0,
        1,
        0,
        0,
        1,
        1,
        1
      ]
    },
    "regime:RANGING": {
      "pnls": [
        -4.734677248659015,
        2.8546498355320242,
        2.3532481682119277,
        2.0793258956584895,
        4.128335406301069,
        -6.572942564608281,
        1.861117273746533,
        2.092346098242635,
        3.365089682827224,
        1.6971338636972573,
        4.827563340255721,
        -6.049601670284568,
        -10.415218592706585,
        10.453991382119613,
        -6.425672689453818,
        2.077665373670226,
        -8.23861960803993,
        1.8149364015510487,
        1.2516061034098453,
        -3.6130735001287366,
        -4.287194985167863,
        -8.523930104149375,
        -4.14028053475284,
        -7.8391737059027795,
        -9.340018274163441,
        7.833978719801264,
        1.5042832005324234,
        3.946290923399065,
        -4.4542417027964465,
        -3.5489474867936535,
        0.9827188542712935,
        -3.420001140406233,
        -4.429991736160089,
        1.4097850123428954,
        -6.006787980256714,
        -5.111854166609613,
        -4.0027755723169,
        3.2909544594407,
        1.5821378725838955,
        -4.547891629481672,
        8.19160273254901,
        8.347973825615007,
        11.701943493096154,
        2.901488216231144,
        -4.89408866168945,
        -8.876366062840722,
        7.652344823542845,
        4.608944574544635,
        0.914680195032748,
        6.114528403178579
      ],
      "outcomes": [
        0,
        1,
        1,
        1,
        1,
        0,
        1,
        1,
        1,
        1,
        1,
        0,
        0,
        1,
        0,
        1,
        0,
        1,
        1,
        0,
        0,
        0,
        0,
        0,
        0,
        1,
        1,
        1,
        0,
        0,
        1,
        0,
        0,
        1,
        0,
        0,
        0,
        1,
        1,
        0,
        1,
        1,
        1,
        1,
        0,
        0,
        1,
        1,
        1,
        1
      ]
    },
    "regime:HIGH_VOLATILITY": {
      "pnls": [
        6.384883158739387,
        13.196190551509341,
        -28.21588056433835,
        4.339486670613096,
        -11.599359132203544,
        -16.58185087868538,
        4.518658546031543,
        7.929516124147472,
        8.120787096542797
      ],
      "outcomes": [
        1,
        1,
        0,
        1,
        0,
        0,
        1,
        1,
        1
      ]
    },