{
  "saved_at": "2026-04-03T16:49:58.391442",
  "version": "200e",
  "defense_mode": false,
  "defense_mode_start": 13767,
  "consecutive_losses": 2,
  "loss_streak_max": 10,
  "win_count": 1037,
  "loss_count": 1180,
  "recent_pnls": [
    35.64552040487934,
    -47.99453548117559,
    7.474828354022581,
    -7.595239129018573,
    -38.79895830216949,
    -41.329236363035186,
    -50.28623313602416,
    -52.213047876464216,
    85.92541902303456,
    -3.270357305513037,
    11.124938241655384,
    77.2170952459909,
    16.623324837727782,
    62.312893778758756,
    -110.02742736077688,
    -78.45674779566693,
    -5.405352384307067,
    -127.1923339319479,
    -131.7697492845964,
    -65.30579216585343,
    -166.87943474148017,
    -144.91042122136926,
    50.022412589292585,
    -54.845805613183394,
    31.226246593992954,
    -103.43873264626883,
    -130.03628480799046,
    -118.19081240839687,
    -107.42018613337355,
    46.84679089365897,
    -1.8635251308866538,
    -72.25348332072937,
    -67.79513435046417,
    9.89018751738454,
    -89.11929134834523,
    -45.81988980480837,
    58.138148084565,
    -95.94737260442864,
    -94.74481131710127,
    30.841008272834763,
    -81.69090478355076,
    48.07852099732004,
    -129.32657441399934,
    72.16814224561993,
    38.676662163561005,
    9.070783511114637,
    44.50171422013527,
    40.12371373937756,
    -45.02071205717134,
    -51.1908060775009
  ],
  "risk_multiplier": 0.8786083969474563,
  "confidence_threshold": 0.445,
  "aggression_level": 1.4385748299531245,
  "evolution_count": 443,
  "total_decisions": 0,
  "override_count": 0,
  "hold_count": 0
}