{
  "saved_at": "2026-04-01T06:22:53.354768",
  "version": "200e",
  "defense_mode": false,
  "defense_mode_start": 13767,
  "consecutive_losses": 1,
  "loss_streak_max": 10,
  "win_count": 1050,
  "loss_count": 1176,
  "recent_pnls": [
    -15.742216685090435,
    -15.980813376457567,
    -16.59148148492631,
    36.1023622056729,
    17.413382079828487,
    -36.7484939649166,
    -21.71399498107477,
    3.8960637003873764,
    -22.57824690690391,
    -27.822975784501235,
    57.623084140123495,
    -48.11441833693384,
    -2.4548111414844276,
    -53.73759467499028,
    -0.03413155161734016,
    -4.631932254158859,
    -33.32072137104916,
    59.52295155072823,
    9.791383284445917,
    59.33175948405343,
    30.293542077585407,
    50.15225796183125,
    -17.478163850720776,
    11.659196507534174,
    -20.234568075206692,
    4.617053417081678,
    -31.17887044285715,
    -41.99494852209631,
    -30.958976117134725,
    4.042579870053098,
    13.866630647857749,
    -30.75494489002386,
    6.5584857058457775,
    -47.989441867330996,
    53.76901617515439,
    -48.65589276487236,
    10.045868194924003,
    -18.409600759897447,
    8.102612735950785,
    -0.8423454114019313,
    7.6744792856419,
    34.8140590005141,
    -45.72701500339616,
    5.516031831094672,
    -33.78474892598667,
    9.053715372950904,
    -31.38383101064535,
    59.3411158057337,
    6.944893145158629,
    -4.557262771161892
  ],
  "risk_multiplier": 1.4197501962000005,
  "confidence_threshold": 0.39999999999999997,
  "aggression_level": 1.9299662319475,
  "evolution_count": 445,
  "total_decisions": 0,
  "override_count": 0,
  "hold_count": 0
}