{
  "saved_at": "2026-03-31T13:08:31.328953",
  "version": "200e",
  "defense_mode": false,
  "defense_mode_start": 0,
  "consecutive_losses": 0,
  "loss_streak_max": 7,
  "win_count": 39,
  "loss_count": 36,
  "recent_pnls": [
    1.2516061034098453,
    -3.6130735001287366,
    -4.287194985167863,
    -8.523930104149375,
    -4.14028053475284,
    -7.8391737059027795,
    -9.340018274163441,
    7.833978719801264,
    1.5042832005324234,
    3.946290923399065,
    -4.4542417027964465,
    -3.5489474867936535,
    0.9827188542712935,
    -3.420001140406233,
    -4.429991736160089,
    1.4097850123428954,
    -6.006787980256714,
    -5.111854166609613,
    -4.0027755723169,
    3.2909544594407,
    1.5821378725838955,
    -4.547891629481672,
    8.19160273254901,
    8.347973825615007,
    11.701943493096154,
    2.901488216231144,
    -4.89408866168945,
    -8.876366062840722,
    7.652344823542845,
    4.608944574544635,
    0.914680195032748,
    6.114528403178579,
    -16.71834114180998,
    -6.903280898132555,
    10.580466142328923,
    -3.2413881583883546,
    8.045836883139264,
    -11.03007167912244,
    -34.67971188475389,
    5.031193530188335,
    4.54891592285391,
    5.2460458428700045,
    11.239623034643227,
    6.605390677598411,
    -10.940002783088056,
    -15.074297445892375,
    4.394093601356885,
    -11.283204282837676,
    35.41422237887941,
    46.514072665579846
  ],
  "risk_multiplier": 1.1504768246132182,
  "confidence_threshold": 0.345,
  "aggression_level": 1.0860969985297078,
  "evolution_count": 15,
  "total_decisions": 0,
  "override_count": 0,
  "hold_count": 0
}