{
  "saved_at": "2026-04-03T22:52:49.035427",
  "version": "200e",
  "defense_mode": false,
  "defense_mode_start": 5926,
  "consecutive_losses": 0,
  "loss_streak_max": 10,
  "win_count": 1294,
  "loss_count": 1556,
  "recent_pnls": [
    -15.197537656784274,
    -23.517517018937433,
    19.654739901223014,
    -15.049894218032172,
    33.79098583878138,
    -64.30139971030569,
    -25.889480843903577,
    -57.94865559026591,
    -26.264185316911686,
    13.568830978481857,
    7.921699860545736,
    -36.13340538053227,
    27.32925364794071,
    -37.33279706059767,
    -37.300065189798275,
    25.654342615192913,
    -29.045128467409477,
    36.330887148410255,
    -32.70271528746579,
    43.86371786934413,
    -52.19827126879684,
    -63.80938155021148,
    -69.08761483048043,
    -28.207005729326713,
    -33.78211011113361,
    17.157643414154723,
    -57.61361361237035,
    12.522621412380504,
    27.617557870664466,
    31.397667602511007,
    -34.239000289359666,
    -47.735395235171126,
    28.060225109276317,
    -111.62454428624254,
    96.6973789360357,
    88.521027241001,
    195.27068253592554,
    71.0098130867258,
    -120.91439560741685,
    -108.0929193145028,
    81.24901927368845,
    34.837855663104285,
    129.00673955663896,
    -112.52646658264125,
    -1.2973733771413805,
    9.45107291783739,
    408.0012375756805,
    -128.77281581528527,
    -115.37150147307507,
    125.90418325512269
  ],
  "risk_multiplier": 0.5788125000000001,
  "confidence_threshold": 0.44,
  "aggression_level": 0.5463635,
  "evolution_count": 570,
  "total_decisions": 0,
  "override_count": 0,
  "hold_count": 0
}