{
  "saved_at": "2026-04-01T03:28:33.308756",
  "version": "200e",
  "defense_mode": false,
  "defense_mode_start": 13767,
  "consecutive_losses": 0,
  "loss_streak_max": 10,
  "win_count": 1033,
  "loss_count": 1151,
  "recent_pnls": [
    -28.11626944558398,
    8.717474107749883,
    -0.522839908488629,
    0.8463483223070445,
    6.517883256544109,
    6.503093694877591,
    53.47762334554929,
    9.085224470764983,
    -17.91959338675135,
    -12.344245660348756,
    -31.586678394355467,
    6.8940970421629775,
    -31.70373253634455,
    7.748139358074154,
    8.968874933412916,
    -20.282901295849424,
    5.802735099589999,
    -11.991880532429386,
    -28.485507704294566,
    50.95594980119731,
    -17.760276819486634,
    7.195719011469193,
    -14.006777350999654,
    7.640841609826271,
    54.858690529791026,
    1.00771594205389,
    7.067509649870845,
    -36.757054186215655,
    7.445772122044406,
    30.562255763545842,
    -32.393756220728086,
    8.540235603355507,
    -31.940373097659187,
    8.343324134335575,
    9.72549945088418,
    8.523638196406951,
    -23.42093760191067,
    -2.4539947329422582,
    -31.9621926675964,
    -31.765012632813864,
    -31.4769935151054,
    6.033884987904099,
    -4.174321435599525,
    6.40903775961497,
    -3.954549408607761,
    -36.0728922608612,
    17.806180148096864,
    -12.841115176327264,
    7.188868666613801,
    23.063585615986092
  ],
  "risk_multiplier": 1.3800000000000001,
  "confidence_threshold": 0.38499999999999995,
  "aggression_level": 1.9,
  "evolution_count": 436,
  "total_decisions": 0,
  "override_count": 0,
  "hold_count": 0
}