{
  "saved_at": "2026-04-01T03:25:52.455598",
  "version": "200e",
  "defense_mode": false,
  "defense_mode_start": 13767,
  "consecutive_losses": 1,
  "loss_streak_max": 10,
  "win_count": 1003,
  "loss_count": 1127,
  "recent_pnls": [
    2.0002729668690242,
    -8.661264146942269,
    -15.217127098454954,
    2.0121627876316723,
    3.3712684247887,
    24.56506887112099,
    -13.174002717986102,
    3.363236557384822,
    3.4273540701702845,
    -5.522726679900883,
    -12.27496569865387,
    -5.864524825321625,
    -23.19167179875759,
    -14.314014077550667,
    2.0832119972125462,
    3.3136222812387373,
    2.752653038496811,
    2.8140795135452694,
    -4.5574632804389585,
    -8.259591545502085,
    -4.554387405938304,
    -16.42390826192862,
    3.325931374431135,
    1.452191035986586,
    -4.768750592238125,
    -16.389845881425618,
    0.9537769504474328,
    0.8101484036037312,
    1.2956518839324818,
    1.2909870803156522,
    0.9095696496562042,
    0.9520144178640128,
    -22.55399079618963,
    22.348250870102717,
    -7.814711843867477,
    -12.954579505360876,
    1.9736072567512024,
    -9.775142469782418,
    4.38421434919725,
    1.4389997536780141,
    -14.116823915115548,
    -22.099430609909913,
    3.3293608562999872,
    2.5898491933059367,
    -7.370796740166713,
    3.5132538943559184,
    -13.468760510209552,
    2.8808173728042887,
    3.192331003479816,
    -1.304462711983048
  ],
  "risk_multiplier": 1.5,
  "confidence_threshold": 0.39499999999999996,
  "aggression_level": 2.0,
  "evolution_count": 426,
  "total_decisions": 0,
  "override_count": 0,
  "hold_count": 0
}