{
  "saved_at": "2026-04-01T03:27:44.449624",
  "version": "200e",
  "defense_mode": false,
  "defense_mode_start": 3533,
  "consecutive_losses": 0,
  "loss_streak_max": 10,
  "win_count": 1160,
  "loss_count": 1261,
  "recent_pnls": [
    -22.427029252524832,
    4.948551867382182,
    1.6128252947923372,
    -13.027160875969512,
    -22.14921754153161,
    4.605399124876886,
    -19.389532867091464,
    0.8144891972430559,
    3.5483295829131016,
    -10.699513367049299,
    -11.108369376782662,
    2.414867467758915,
    16.316092079405557,
    -21.71730453173512,
    4.00532860367846,
    2.9346950527566764,
    5.9874378736476705,
    5.3422531540904075,
    3.671552089940333,
    5.832593826895721,
    4.440654127785188,
    5.268828749479392,
    23.855081695728508,
    6.50378251225842,
    -0.6616250576997587,
    -12.616047213285215,
    3.9444716883883184,
    -21.96231425428668,
    4.26389288596296,
    -13.269709121542823,
    2.1767833970282053,
    3.940402660452821,
    30.77890602285749,
    -22.202017462086037,
    4.351693135860757,
    -19.906017118996264,
    -12.503044354399938,
    3.8233100237228443,
    -19.627102171473968,
    -19.368362614031152,
    -21.342971386446173,
    5.973932111709434,
    3.6137375771818188,
    5.034558280135798,
    4.5313914925184955,
    -19.3697594103819,
    4.526586971387919,
    -12.109380852207702,
    -24.083002397468693,
    3.6654038432824345
  ],
  "risk_multiplier": 1.5,
  "confidence_threshold": 0.415,
  "aggression_level": 2.0,
  "evolution_count": 484,
  "total_decisions": 0,
  "override_count": 0,
  "hold_count": 0
}