{
  "saved_at": "2026-04-06T15:26:40.143575",
  "version": "200e",
  "defense_mode": false,
  "defense_mode_start": 5926,
  "consecutive_losses": 7,
  "loss_streak_max": 10,
  "win_count": 1355,
  "loss_count": 1643,
  "recent_pnls": [
    -289.22941601686136,
    60.48991275391177,
    -0.9762505159452539,
    -112.64405309945947,
    106.35986244595945,
    643.9190872693573,
    -386.15376431497873,
    689.1612179940113,
    650.0749939848528,
    -549.7369924905116,
    -748.7937154023756,
    -16.76695522875202,
    392.7752351851328,
    324.6298386304426,
    58.70387581724128,
    -344.33862307789485,
    -292.3595676198045,
    329.9675694665604,
    -286.5998290998844,
    43.220482988903434,
    -298.6297561420201,
    746.6105254878019,
    -571.6455167263522,
    -370.3938362127408,
    -6.995311275273518,
    -67.1827678445309,
    71.2031009058232,
    -14.15452456243711,
    -358.2944191614024,
    257.26907562556045,
    -16.34903528706993,
    365.18423787500336,
    -277.1815647862836,
    291.77720052585954,
    -147.32050760005038,
    -43.76819131497447,
    372.8622080639687,
    325.76231693099544,
    -66.77439858910842,
    -2.7816982671113752,
    334.6612730651021,
    -119.0077532908738,
    70.91791543729,
    -265.5416899824079,
    -450.91369665202046,
    -522.6563610624762,
    -74.91678043074273,
    -179.83559012487513,
    -190.63563171869149,
    -14.41650149737984
  ],
  "risk_multiplier": 0.5,
  "confidence_threshold": 0.45,
  "aggression_level": 0.5,
  "evolution_count": 599,
  "total_decisions": 0,
  "override_count": 0,
  "hold_count": 0
}