{
  "saved_at": "2026-04-01T05:38:28.839374",
  "version": "200e",
  "defense_mode": false,
  "defense_mode_start": 13767,
  "consecutive_losses": 0,
  "loss_streak_max": 10,
  "win_count": 1043,
  "loss_count": 1176,
  "recent_pnls": [
    44.29798653931748,
    2.9567166238545997,
    -23.876725678562696,
    -19.131460167382247,
    3.065628445252189,
    3.4135786998585425,
    -12.964190456145023,
    -15.436512008174956,
    3.219491633696936,
    -14.92505748753413,
    -14.680489702387833,
    -15.241469088528392,
    -5.523948700473687,
    -34.69153147128013,
    -19.312209575583463,
    3.503572238584375,
    -16.047989258219488,
    7.74844715836049,
    -42.74006943263675,
    -41.80033212408735,
    -47.146756549015784,
    -0.5641332697821593,
    -29.236049398008106,
    52.53698750029407,
    8.598797214273429,
    7.8670867548090655,
    7.3046394763831,
    9.560569868603524,
    7.020655877655689,
    -42.00788152716913,
    -41.386357831533694,
    9.796255909408552,
    -26.37886135417213,
    -28.694983089670995,
    -25.95790206439949,
    -16.159143575189145,
    -37.2828610012192,
    -31.294580848416558,
    -8.398900059775546,
    42.36897807325434,
    -15.208871275760524,
    -30.183929072974866,
    -30.11868106533599,
    -0.9248438561219522,
    27.140650725944884,
    14.945294350630292,
    5.956200749798741,
    7.395762314281699,
    4.748355784068163,
    5.633275739529067
  ],
  "risk_multiplier": 1.1283189120000001,
  "confidence_threshold": 0.44,
  "aggression_level": 1.6778828749999999,
  "evolution_count": 443,
  "total_decisions": 0,
  "override_count": 0,
  "hold_count": 0
}