{
  "saved_at": "2026-03-28T11:18:08.894087",
  "version": "200e",
  "summary": {
    "deactivated": [],
    "strategies": {
      "GridV2": {
        "status": "active",
        "trades": 50,
        "win_rate": 0.64,
        "total_pnl": 92.87102848314561,
        "avg_pnl": 1.8574205696629122,
        "sharpe": 0.176563757869984,
        "consecutive_losses": 1,
        "calibrated_confidence": 0.684119478619093
      }
    },
    "pairs": {
      "SOLUSDT": {
        "trades": 50,
        "win_rate": 0.64,
        "pnl": 92.87102848314561
      }
    },
    "regimes": {
      "RANGING": {
        "trades": 50,
        "win_rate": 0.64,
        "pnl": 92.87102848314561
      }
    }
  },
  "deactivated": [],
  "confidence_ema": {
    "GridV2": 0.684119478619093
  },
  "windows": {
    "strategy:GridV2": {
      "pnls": [
        7.833978719801264,
        1.5042832005324234,
        3.946290923399065,
        -4.4542417027964465,
        -3.5489474867936535,
        0.9827188542712935,
        -3.420001140406233,
        -4.429991736160089,
        1.4097850123428954,
        -6.006787980256714,
        -5.111854166609613,
        -4.0027755723169,
        3.2909544594407,
        1.5821378725838955,
        -4.547891629481672,
        8.19160273254901,
        8.347973825615007,
        11.701943493096154,
        2.901488216231144,
        -4.89408866168945,
        -8.876366062840722,
        7.652344823542845,
        4.608944574544635,
        0.914680195032748,
        6.114528403178579,
        -19.082414557317065,
        4.209340688510542,
        3.8058431371674275,
        4.389095716811328,
        9.403607878213325,
        6.5111024208183315,
        5.540187495116362,
        -9.189945702636582,
        -9.516501560918243,
        4.922367661756893,
        3.6968877313193125,
        26.10790672062318,
        -9.295151069828549,
        3.9377871515346454,
        -7.791494797231705,
        -10.863591889124766,
        5.190195490386287,
        -17.767327325797954,
        6.3504045776597104,
        4.478013334376628,
        29.88706723837085,
        39.25440236298325,
        5.28532894438322,
        5.409103773801241,
        -13.691896104642213
      ],
      "outcomes": [
        1,
        1,
        1,
        0,
        0,
        1,
        0,
        0,
        1,
        0,
        0,
        0,
        1,
        1,
        0,
        1,
        1,
        1,
        1,
        0,
        0,
        1,
        1,
        1,
        1,
        0,
        1,
        1,
        1,
        1,
        1,
        1,
        0,
        0,
        1,
        1,
        1,
        0,
        1,
        0,
        0,
        1,
        0,
        1,
        1,
        1,
        1,
        1,
        1,
        0
      ]
    },
    "pair:SOLUSDT": {
      "pnls": [
        7.833978719801264,
        1.5042832005324234,
        3.946290923399065,
        -4.4542417027964465,
        -3.5489474867936535,
        0.9827188542712935,
        -3.420001140406233,
        -4.429991736160089,
        1.4097850123428954,
        -6.006787980256714,
        -5.111854166609613,
        -4.0027755723169,
        3.2909544594407,
        1.5821378725838955,
        -4.547891629481672,
        8.19160273254901,
        8.347973825615007,
        11.701943493096154,
        2.901488216231144,
        -4.89408866168945,
        -8.876366062840722,
        7.652344823542845,
        4.608944574544635,
        0.914680195032748,
        6.114528403178579,
        -19.082414557317065,
        4.209340688510542,
        3.8058431371674275,
        4.389095716811328,
        9.403607878213325,
        6.5111024208183315,
        5.540187495116362,
        -9.189945702636582,
        -9.516501560918243,
        4.922367661756893,
        3.6968877313193125,
        26.10790672062318,
        -9.295151069828549,
        3.9377871515346454,
        -7.791494797231705,
        -10.863591889124766,
        5.190195490386287,
        -17.767327325797954,
        6.3504045776597104,
        4.478013334376628,
        29.88706723837085,
        39.25440236298325,
        5.28532894438322,
        5.409103773801241,
        -13.691896104642213
      ],
      "outcomes": [
        1,
        1,
        1,
        0,
        0,
        1,
        0,
        0,
        1,
        0,
        0,
        0,
        1,
        1,
        0,
        1,
        1,
        1,
        1,
        0,
        0,
        1,
        1,
        1,
        1,
        0,
        1,
        1,
        1,
        1,
        1,
        1,
        0,
        0,
        1,
        1,
        1,
        0,
        1,
        0,
        0,
        1,
        0,
        1,
        1,
        1,
        1,
        1,
        1,
        0
      ]
    },
    "regime:RANGING": {
      "pnls": [
        7.833978719801264,
        1.5042832005324234,
        3.946290923399065,
        -4.4542417027964465,
        -3.5489474867936535,
        0.9827188542712935,
        -3.420001140406233,
        -4.429991736160089,
        1.4097850123428954,
        -6.006787980256714,
        -5.111854166609613,
        -4.0027755723169,
        3.2909544594407,
        1.5821378725838955,
        -4.547891629481672,
        8.19160273254901,
        8.347973825615007,
        11.701943493096154,
        2.901488216231144,
        -4.89408866168945,
        -8.876366062840722,
        7.652344823542845,
        4.608944574544635,
        0.914680195032748,
        6.114528403178579,
        -19.082414557317065,
        4.209340688510542,
        3.8058431371674275,
        4.389095716811328,
        9.403607878213325,
        6.5111024208183315,
        5.540187495116362,
        -9.189945702636582,
        -9.516501560918243,
        4.922367661756893,
        3.6968877313193125,
        26.10790672062318,
        -9.295151069828549,
        3.9377871515346454,
        -7.791494797231705,
        -10.863591889124766,
        5.190195490386287,
        -17.767327325797954,
        6.3504045776597104,
        4.478013334376628,
        29.88706723837085,
        39.25440236298325,
        5.28532894438322,
        5.409103773801241,
        -13.691896104642213
      ],
      "outcomes": [
        1,
        1,
        1,
        0,
        0,
        1,
        0,
        0,
        1,
        0,
        0,
        0,
        1,
        1,
        0,
        1,
        1,
        1,
        1,
        0,
        0,
        1,
        1,
        1,
        1,
        0,
        1,
        1,
        1,
        1,
        1,
        1,
        0,
        0,
        1,
        1,
        1,
        0,
        1,
        0,
        0,
        1,
        0,
        1,
        1,
        1,
        1,
        1,
        1,
        0
      ]
    },