{
  "saved_at": "2026-03-28T11:18:08.894087",
  "version": "200e",
  "defense_mode": false,
  "defense_mode_start": 0,
  "consecutive_losses": 1,
  "loss_streak_max": 7,
  "win_count": 46,
  "loss_count": 36,
  "recent_pnls": [
    7.833978719801264,
    1.5042832005324234,
    3.946290923399065,
    -4.4542417027964465,
    -3.5489474867936535,
    0.9827188542712935,
    -3.420001140406233,
    -4.429991736160089,
    1.4097850123428954,
    -6.006787980256714,
    -5.111854166609613,
    -4.0027755723169,
    3.2909544594407,
    1.5821378725838955,
    -4.547891629481672,
    8.19160273254901,
    8.347973825615007,
    11.701943493096154,
    2.901488216231144,
    -4.89408866168945,
    -8.876366062840722,
    7.652344823542845,
    4.608944574544635,
    0.914680195032748,
    6.114528403178579,
    -19.082414557317065,
    4.209340688510542,
    3.8058431371674275,
    4.389095716811328,
    9.403607878213325,
    6.5111024208183315,
    5.540187495116362,
    -9.189945702636582,
    -9.516501560918243,
    4.922367661756893,
    3.6968877313193125,
    26.10790672062318,
    -9.295151069828549,
    3.9377871515346454,
    -7.791494797231705,
    -10.863591889124766,
    5.190195490386287,
    -17.767327325797954,
    6.3504045776597104,
    4.478013334376628,
    29.88706723837085,
    39.25440236298325,
    5.28532894438322,
    5.409103773801241,
    -13.691896104642213
  ],
  "risk_multiplier": 1.208000665843879,
  "confidence_threshold": 0.33999999999999997,
  "aggression_level": 1.118679908485599,
  "evolution_count": 16,
  "total_decisions": 0,
  "override_count": 0,
  "hold_count": 0
}