{
  "saved_at": "2026-03-31T13:16:41.154061",
  "version": "200e",
  "summary": {
    "deactivated": [],
    "strategies": {
      "GridV2": {
        "status": "active",
        "trades": 50,
        "win_rate": 0.56,
        "total_pnl": -17.632685485983455,
        "avg_pnl": -0.3526537097196691,
        "sharpe": -0.06283353866641588,
        "consecutive_losses": 0,
        "calibrated_confidence": 0.7888687010942703
      },
      "MomentumHTF": {
        "status": "active",
        "trades": 6,
        "win_rate": 0.3333333333333333,
        "total_pnl": -19.26677885198514,
        "avg_pnl": -3.21112980866419,
        "sharpe": -0.2996633378227478,
        "consecutive_losses": 1,
        "calibrated_confidence": 0.39347200000000004
      }
    },
    "pairs": {
      "SOLUSDT": {
        "trades": 50,
        "win_rate": 0.52,
        "pnl": -37.00740383040481
      }
    },
    "regimes": {
      "RANGING": {
        "trades": 50,
        "win_rate": 0.56,
        "pnl": -16.20226360964998
      },
      "TRENDING_UP": {
        "trades": 1,
        "win_rate": 0.0,
        "pnl": -16.71834114180998
      },
      "TRENDING_DOWN": {
        "trades": 3,
        "win_rate": 0.3333333333333333,
        "pnl": -2.098832173381645
      }
    }
  },
  "deactivated": [],
  "confidence_ema": {
    "GridV2": 0.7888687010942703,
    "MomentumHTF": 0.39347200000000004
  },
  "windows": {
    "strategy:GridV2": {
      "pnls": [
        -4.734677248659015,
        2.8546498355320242,
        2.3532481682119277,
        2.0793258956584895,
        4.128335406301069,
        -6.572942564608281,
        1.861117273746533,
        2.092346098242635,
        3.365089682827224,
        1.6971338636972573,
        4.827563340255721,
        -6.049601670284568,
        -10.415218592706585,
        10.453991382119613,
        -6.425672689453818,
        2.077665373670226,
        -8.23861960803993,
        1.8149364015510487,
        1.2516061034098453,
        -3.6130735001287366,
        -4.287194985167863,
        -8.523930104149375,
        -4.14028053475284,
        -7.8391737059027795,
        -9.340018274163441,
        7.833978719801264,
        1.5042832005324234,
        3.946290923399065,
        -4.4542417027964465,
        -3.5489474867936535,
        0.9827188542712935,
        -3.420001140406233,
        -4.429991736160089,
        1.4097850123428954,
        -6.006787980256714,
        -5.111854166609613,
        -4.0027755723169,
        3.2909544594407,
        1.5821378725838955,
        -4.547891629481672,
        8.19160273254901,
        8.347973825615007,
        11.701943493096154,
        2.901488216231144,
        -4.89408866168945,
        -8.876366062840722,
        7.652344823542845,
        4.608944574544635,
        0.914680195032748,
        6.114528403178579
      ],
      "outcomes": [
        0,
        1,
        1,
        1,
        1,
        0,
        1,
        1,
        1,
        1,
        1,
        0,
        0,
        1,
        0,
        1,
        0,
        1,
        1,
        0,
        0,
        0,
        0,
        0,
        0,
        1,
        1,
        1,
        0,
        0,
        1,
        0,
        0,
        1,
        0,
        0,
        0,
        1,
        1,
        0,
        1,
        1,
        1,
        1,
        0,
        0,
        1,
        1,
        1,
        1
      ]
    },
    "strategy:MomentumHTF": {
      "pnls": [
        -16.71834114180998,
        -6.903280898132555,
        10.580466142328923,
        -3.2413881583883546,
        8.045836883139264,
        -11.03007167912244
      ],
      "outcomes": [
        0,
        0,
        1,
        0,
        1,
        0
      ]
    },
    "pair:SOLUSDT": {
      "pnls": [
        1.861117273746533,
        2.092346098242635,
        3.365089682827224,
        1.6971338636972573,
        4.827563340255721,
        -6.049601670284568,
        -10.415218592706585,
        10.453991382119613,
        -6.425672689453818,
        2.077665373670226,
        -8.23861960803993,
        1.8149364015510487,
        1.2516061034098453,
        -3.6130735001287366,
        -4.287194985167863,
        -8.523930104149375,
        -4.14028053475284,
        -7.8391737059027795,
        -9.340018274163441,
        7.833978719801264,
        1.5042832005324234,
        3.946290923399065,
        -4.4542417027964465,
        -3.5489474867936535,
        0.9827188542712935,
        -3.420001140406233,
        -4.429991736160089,
        1.4097850123428954,
        -6.006787980256714,
        -5.111854166609613,
        -4.0027755723169,
        3.2909544594407,
        1.5821378725838955,
        -4.547891629481672,
        8.19160273254901,
        8.347973825615007,
        11.701943493096154,
        2.901488216231144,
        -4.89408866168945,
        -8.876366062840722,
        7.652344823542845,
        4.608944574544635,
        0.914680195032748,
        6.114528403178579,
        -16.71834114180998,
        -6.903280898132555,
        10.580466142328923,
        -3.2413881583883546,
        8.045836883139264,
        -11.03007167912244
      ],
      "outcomes": [
        1,
        1,
        1,
        1,
        1,
        0,
        0,
        1,
        0,
        1,
        0,
        1,
        1,
        0,
        0,
        0,
        0,
        0,
        0,
        1,
        1,
        1,
        0,
        0,
        1,
        0,
        0,
        1,
        0,
        0,
        0,
        1,
        1,
        0,
        1,
        1,
        1,
        1,
        0,
        0,
        1,
        1,
        1,
        1,
        0,
        0,
        1,
        0,
        1,
        0
      ]
    },
    "regime:RANGING": {
      "pnls": [
        2.3532481682119277,
        2.0793258956584895,
        4.128335406301069,
        -6.572942564608281,
        1.861117273746533,
        2.092346098242635,
        3.365089682827224,
        1.6971338636972573,
        4.827563340255721,
        -6.049601670284568,
        -10.415218592706585,
        10.453991382119613,
        -6.425672689453818,
        2.077665373670226,
        -8.23861960803993,
        1.8149364015510487,
        1.2516061034098453,
        -3.6130735001287366,
        -4.287194985167863,
        -8.523930104149375,
        -4.14028053475284,
        -7.8391737059027795,
        -9.340018274163441,
        7.833978719801264,
        1.5042832005324234,
        3.946290923399065,
        -4.4542417027964465,
        -3.5489474867936535,
        0.9827188542712935,
        -3.420001140406233,
        -4.429991736160089,
        1.4097850123428954,
        -6.006787980256714,
        -5.111854166609613,
        -4.0027755723169,
        3.2909544594407,
        1.5821378725838955,
        -4.547891629481672,
        8.19160273254901,
        8.347973825615007,
        11.701943493096154,
        2.901488216231144,
        -4.89408866168945,
        -8.876366062840722,
        7.652344823542845,
        4.608944574544635,
        0.914680195032748,
        6.114528403178579,
        10.580466142328923,
        -11.03007167912244
      ],
      "outcomes": [
        1,
        1,
        1,
        0,
        1,
        1,
        1,
        1,
        1,
        0,
        0,
        1,
        0,
        1,
        0,
        1,
        1,
        0,
        0,
        0,
        0,
        0,
        0,
        1,
        1,
        1,
        0,
        0,
        1,
        0,
        0,
        1,
        0,
        0,
        0,
        1,
        1,
        0,
        1,
        1,
        1,
        1,
        0,
        0,
        1,
        1,
        1,
        1,
        1,
        0
      ]
    },
    "regime:TRENDING_UP": {
      "pnls": [
        -16.71834114180998
      ],
      "outcomes": [
        0
      ]
    },