{
  "saved_at": "2026-03-31T17:17:32.237118",
  "version": "200e",
  "defense_mode": false,
  "defense_mode_start": 13767,
  "consecutive_losses": 1,
  "loss_streak_max": 10,
  "win_count": 713,
  "loss_count": 928,
  "recent_pnls": [
    -1.6180404951048237,
    -0.6410504725845358,
    -30.987204222295105,
    -30.949792173990144,
    -30.418486597962445,
    7.691430230939628,
    7.4882222277058315,
    -11.8549856890411,
    -11.719177340786695,
    3.4969367299859466,
    -11.890073683321058,
    -10.881708105758106,
    -25.839934798494227,
    16.45352268926558,
    12.691964199000878,
    -12.494637872543635,
    -33.34908993284486,
    -32.5687966082097,
    -8.533689858555343,
    -11.835244366009208,
    -11.550231491917467,
    44.21456215941943,
    24.340573458078754,
    -13.018294163598284,
    -0.6122926878446239,
    6.759283529223299,
    48.97295739242094,
    3.4506821281542823,
    -10.909175623413354,
    -10.880506556184697,
    -10.859781904930628,
    23.768195052294395,
    -30.00974165090307,
    38.008426216749406,
    -11.347792206393464,
    33.80280517759463,
    -7.648493888469739,
    -2.691860709834113,
    14.209386852528155,
    24.5731672832061,
    -8.025327858049287,
    15.099726364596291,
    0.63359304848252,
    -2.7946303033595408,
    -1.2106873754227365,
    -31.347744125067788,
    -20.99497738507653,
    -34.1542007403474,
    25.719608219182813,
    -11.380266165185407
  ],
  "risk_multiplier": 0.5,
  "confidence_threshold": 0.45,
  "aggression_level": 0.5,
  "evolution_count": 328,
  "total_decisions": 0,
  "override_count": 0,
  "hold_count": 0
}