{
  "saved_at": "2026-04-05T16:20:32.090050",
  "version": "200e",
  "defense_mode": false,
  "defense_mode_start": 5926,
  "consecutive_losses": 0,
  "loss_streak_max": 10,
  "win_count": 1311,
  "loss_count": 1592,
  "recent_pnls": [
    75.62277069719752,
    25.53417922550348,
    1.072546933882152,
    -48.86632680866625,
    88.96579900742286,
    -59.1004548502138,
    55.72924186393194,
    -95.5703014655123,
    -61.131289134493365,
    44.14773085600814,
    -91.42569131556701,
    74.99928627975059,
    -66.45250157249102,
    -81.64143040616831,
    -3.9838039470279374,
    -29.65842523940189,
    74.14944283151215,
    69.48374448966273,
    3.4244672095956066,
    -81.69136939807048,
    -37.81865023742766,
    -51.490230021890355,
    -57.22384049438132,
    92.61995738478109,
    -2.95407381270868,
    -89.10557818799597,
    36.03071087224178,
    48.78660849385933,
    -76.8564092915958,
    12.05162714000441,
    20.56689558020309,
    -97.28489406861668,
    -94.92352534457676,
    -86.89567637113188,
    -73.03771234402191,
    -79.74925044318769,
    -92.0390740815767,
    93.90441367236633,
    -91.6033592787382,
    -62.67755194077773,
    -49.198931892756256,
    13.645756307180314,
    -72.20300176274512,
    -47.21915016802677,
    59.72551598941326,
    -88.7356853967929,
    81.72356087215255,
    -62.26297381477085,
    -33.461720250972185,
    48.902022438892146
  ],
  "risk_multiplier": 0.5,
  "confidence_threshold": 0.45,
  "aggression_level": 0.5,
  "evolution_count": 580,
  "total_decisions": 0,
  "override_count": 0,
  "hold_count": 0
}