{
  "saved_at": "2026-04-03T18:59:29.767500",
  "version": "200e",
  "defense_mode": false,
  "defense_mode_start": 5926,
  "consecutive_losses": 0,
  "loss_streak_max": 10,
  "win_count": 1294,
  "loss_count": 1556,
  "recent_pnls": [
    -15.197537656784274,
    -23.517517018937433,
    19.654739901223014,
    -15.049894218032172,
    33.79098583878138,
    -64.30139971030569,
    -25.889480843903577,
    -57.94865559026591,
    -26.264185316911686,
    13.568830978481857,
    7.921699860545736,
    -36.13340538053227,
    27.32925364794071,
    -37.33279706059767,
    -37.300065189798275,
    25.654342615192913,
    -29.045128467409477,
    36.330887148410255,
    -32.70271528746579,
    43.86371786934413,
    -52.19827126879684,
    -63.80938155021148,
    -69.08761483048043,
    -28.207005729326713,
    -33.78211011113361,
    17.157643414154723,
    -57.61361361237035,
    12.522621412380504,
    27.617557870664466,
    31.397667602511007,
    -34.239000289359666,
    -47.735395235171126,
    28.060225109276317,
    -120.92658964342941,
    104.75549384737202,
    95.89919408901225,
    211.54635986570432,
    76.92843225698873,
    -130.99183859356387,
    -117.1017741007833,
    88.00279861412204,
    37.732959859669265,
    139.72788450318953,
    -121.87837159626721,
    -1.405196122835814,
    10.236537341351978,
    441.909389620307,
    -139.47732452801534,
    -124.96199799907158,
    136.3702309072674
  ],
  "risk_multiplier": 0.5788125000000001,
  "confidence_threshold": 0.44,
  "aggression_level": 0.5463635,
  "evolution_count": 570,
  "total_decisions": 0,
  "override_count": 0,
  "hold_count": 0
}