{
  "saved_at": "2026-03-31T13:08:31.332677",
  "version": "200e",
  "summary": {
    "deactivated": [],
    "strategies": {
      "GridV2": {
        "status": "active",
        "trades": 50,
        "win_rate": 0.54,
        "total_pnl": 21.482067690493558,
        "avg_pnl": 0.4296413538098712,
        "sharpe": 0.0367004252916944,
        "consecutive_losses": 0,
        "calibrated_confidence": 0.6928552984326064
      },
      "MomentumHTF": {
        "status": "active",
        "trades": 6,
        "win_rate": 0.3333333333333333,
        "total_pnl": -19.26677885198514,
        "avg_pnl": -3.21112980866419,
        "sharpe": -0.2996633378227478,
        "consecutive_losses": 1,
        "calibrated_confidence": 0.39347200000000004
      }
    },
    "pairs": {
      "SOLUSDT": {
        "trades": 50,
        "win_rate": 0.52,
        "pnl": 12.94820657136787
      }
    },
    "regimes": {
      "RANGING": {
        "trades": 50,
        "win_rate": 0.54,
        "pnl": 20.993689364287015
      },
      "TRENDING_UP": {
        "trades": 1,
        "win_rate": 0.0,
        "pnl": -16.71834114180998
      },
      "TRENDING_DOWN": {
        "trades": 3,
        "win_rate": 0.3333333333333333,
        "pnl": -2.098832173381645
      }
    }
  },
  "deactivated": [],
  "confidence_ema": {
    "GridV2": 0.6928552984326064,
    "MomentumHTF": 0.39347200000000004
  },
  "windows": {
    "strategy:GridV2": {
      "pnls": [
        -10.415218592706585,
        10.453991382119613,
        -6.425672689453818,
        2.077665373670226,
        -8.23861960803993,
        1.8149364015510487,
        1.2516061034098453,
        -3.6130735001287366,
        -4.287194985167863,
        -8.523930104149375,
        -4.14028053475284,
        -7.8391737059027795,
        -9.340018274163441,
        7.833978719801264,
        1.5042832005324234,
        3.946290923399065,
        -4.4542417027964465,
        -3.5489474867936535,
        0.9827188542712935,
        -3.420001140406233,
        -4.429991736160089,
        1.4097850123428954,
        -6.006787980256714,
        -5.111854166609613,
        -4.0027755723169,
        3.2909544594407,
        1.5821378725838955,
        -4.547891629481672,
        8.19160273254901,
        8.347973825615007,
        11.701943493096154,
        2.901488216231144,
        -4.89408866168945,
        -8.876366062840722,
        7.652344823542845,
        4.608944574544635,
        0.914680195032748,
        6.114528403178579,
        -34.67971188475389,
        5.031193530188335,
        4.54891592285391,
        5.2460458428700045,
        11.239623034643227,
        6.605390677598411,
        -10.940002783088056,
        -15.074297445892375,
        4.394093601356885,
        -11.283204282837676,
        35.41422237887941,
        46.514072665579846
      ],
      "outcomes": [
        0,
        1,
        0,
        1,
        0,
        1,
        1,
        0,
        0,
        0,
        0,
        0,
        0,
        1,
        1,
        1,
        0,
        0,
        1,
        0,
        0,
        1,
        0,
        0,
        0,
        1,
        1,
        0,
        1,
        1,
        1,
        1,
        0,
        0,
        1,
        1,
        1,
        1,
        0,
        1,
        1,
        1,
        1,
        1,
        0,
        0,
        1,
        0,
        1,
        1
      ]
    },
    "strategy:MomentumHTF": {
      "pnls": [
        -16.71834114180998,
        -6.903280898132555,
        10.580466142328923,
        -3.2413881583883546,
        8.045836883139264,
        -11.03007167912244
      ],
      "outcomes": [
        0,
        0,
        1,
        0,
        1,
        0
      ]
    },
    "pair:SOLUSDT": {
      "pnls": [
        1.2516061034098453,
        -3.6130735001287366,
        -4.287194985167863,
        -8.523930104149375,
        -4.14028053475284,
        -7.8391737059027795,
        -9.340018274163441,
        7.833978719801264,
        1.5042832005324234,
        3.946290923399065,
        -4.4542417027964465,
        -3.5489474867936535,
        0.9827188542712935,
        -3.420001140406233,
        -4.429991736160089,
        1.4097850123428954,
        -6.006787980256714,
        -5.111854166609613,
        -4.0027755723169,
        3.2909544594407,
        1.5821378725838955,
        -4.547891629481672,
        8.19160273254901,
        8.347973825615007,
        11.701943493096154,
        2.901488216231144,
        -4.89408866168945,
        -8.876366062840722,
        7.652344823542845,
        4.608944574544635,
        0.914680195032748,
        6.114528403178579,
        -16.71834114180998,
        -6.903280898132555,
        10.580466142328923,
        -3.2413881583883546,
        8.045836883139264,
        -11.03007167912244,
        -34.67971188475389,
        5.031193530188335,
        4.54891592285391,
        5.2460458428700045,
        11.239623034643227,
        6.605390677598411,
        -10.940002783088056,
        -15.074297445892375,
        4.394093601356885,
        -11.283204282837676,
        35.41422237887941,
        46.514072665579846
      ],
      "outcomes": [
        1,
        0,
        0,
        0,
        0,
        0,
        0,
        1,
        1,
        1,
        0,
        0,
        1,
        0,
        0,
        1,
        0,
        0,
        0,
        1,
        1,
        0,
        1,
        1,
        1,
        1,
        0,
        0,
        1,
        1,
        1,
        1,
        0,
        0,
        1,
        0,
        1,
        0,
        0,
        1,
        1,
        1,
        1,
        1,
        0,
        0,
        1,
        0,
        1,
        1
      ]
    },
    "regime:RANGING": {
      "pnls": [
        -6.425672689453818,
        2.077665373670226,
        -8.23861960803993,
        1.8149364015510487,
        1.2516061034098453,
        -3.6130735001287366,
        -4.287194985167863,
        -8.523930104149375,
        -4.14028053475284,
        -7.8391737059027795,
        -9.340018274163441,
        7.833978719801264,
        1.5042832005324234,
        3.946290923399065,
        -4.4542417027964465,
        -3.5489474867936535,
        0.9827188542712935,
        -3.420001140406233,
        -4.429991736160089,
        1.4097850123428954,
        -6.006787980256714,
        -5.111854166609613,
        -4.0027755723169,
        3.2909544594407,
        1.5821378725838955,
        -4.547891629481672,
        8.19160273254901,
        8.347973825615007,
        11.701943493096154,
        2.901488216231144,
        -4.89408866168945,
        -8.876366062840722,
        7.652344823542845,
        4.608944574544635,
        0.914680195032748,
        6.114528403178579,
        10.580466142328923,
        -11.03007167912244,
        -34.67971188475389,
        5.031193530188335,
        4.54891592285391,
        5.2460458428700045,
        11.239623034643227,
        6.605390677598411,
        -10.940002783088056,
        -15.074297445892375,
        4.394093601356885,
        -11.283204282837676,
        35.41422237887941,
        46.514072665579846
      ],
      "outcomes": [
        0,
        1,
        0,
        1,
        1,
        0,
        0,
        0,
        0,
        0,
        0,
        1,
        1,
        1,
        0,
        0,
        1,
        0,
        0,
        1,
        0,
        0,
        0,
        1,
        1,
        0,
        1,
        1,
        1,
        1,
        0,
        0,
        1,
        1,
        1,
        1,
        1,
        0,
        0,
        1,
        1,
        1,
        1,
        1,
        0,
        0,
        1,
        0,
        1,
        1
      ]
    },
    "regime:TRENDING_UP": {
      "pnls": [
        -16.71834114180998
      ],
      "outcomes": [
        0
      ]
    },