{
  "saved_at": "2026-04-03T16:53:25.983847",
  "version": "200e",
  "defense_mode": false,
  "defense_mode_start": 5926,
  "consecutive_losses": 0,
  "loss_streak_max": 10,
  "win_count": 1284,
  "loss_count": 1549,
  "recent_pnls": [
    -31.134343329951584,
    23.406108052462212,
    -43.93896571977418,
    -33.11434633026441,
    -14.866560438790897,
    -27.18761001034592,
    -62.857113251650524,
    -31.857714717325052,
    29.555804437320308,
    -15.031390071555679,
    22.169556145792683,
    44.386244134404336,
    -32.311211636818015,
    13.19433113240842,
    -15.331856272934345,
    19.000123032300063,
    18.63012589556484,
    -15.197537656784274,
    -23.517517018937433,
    19.654739901223014,
    -15.049894218032172,
    33.79098583878138,
    -64.30139971030569,
    -25.889480843903577,
    -57.94865559026591,
    -26.264185316911686,
    13.568830978481857,
    7.921699860545736,
    -36.13340538053227,
    27.32925364794071,
    -37.33279706059767,
    -37.300065189798275,
    25.654342615192913,
    -29.045128467409477,
    36.330887148410255,
    -32.70271528746579,
    43.86371786934413,
    -52.19827126879684,
    -63.80938155021148,
    -69.08761483048043,
    -28.207005729326713,
    -33.78211011113361,
    17.157643414154723,
    -57.61361361237035,
    12.522621412380504,
    27.617557870664466,
    31.397667602511007,
    -34.239000289359666,
    -47.735395235171126,
    28.060225109276317
  ],
  "risk_multiplier": 0.5,
  "confidence_threshold": 0.45,
  "aggression_level": 0.5,
  "evolution_count": 566,
  "total_decisions": 0,
  "override_count": 0,
  "hold_count": 0
}