{
  "saved_at": "2026-03-28T19:28:45.641717",
  "version": "200e",
  "summary": {
    "deactivated": [],
    "strategies": {
      "GridV2": {
        "status": "active",
        "trades": 50,
        "win_rate": 0.54,
        "total_pnl": 14.007086808307346,
        "avg_pnl": 0.2801417361661469,
        "sharpe": 0.03262437448384193,
        "consecutive_losses": 0,
        "calibrated_confidence": 0.7015629616746282
      }
    },
    "pairs": {
      "SOLUSDT": {
        "trades": 50,
        "win_rate": 0.54,
        "pnl": 14.007086808307346
      }
    },
    "regimes": {
      "RANGING": {
        "trades": 50,
        "win_rate": 0.54,
        "pnl": 14.007086808307346
      }
    }
  },
  "deactivated": [],
  "confidence_ema": {
    "GridV2": 0.7015629616746282
  },
  "windows": {
    "strategy:GridV2": {
      "pnls": [
        -6.425672689453818,
        2.077665373670226,
        -8.23861960803993,
        1.8149364015510487,
        1.2516061034098453,
        -3.6130735001287366,
        -4.287194985167863,
        -8.523930104149375,
        -4.14028053475284,
        -7.8391737059027795,
        -9.340018274163441,
        7.833978719801264,
        1.5042832005324234,
        3.946290923399065,
        -4.4542417027964465,
        -3.5489474867936535,
        0.9827188542712935,
        -3.420001140406233,
        -4.429991736160089,
        1.4097850123428954,
        -6.006787980256714,
        -5.111854166609613,
        -4.0027755723169,
        3.2909544594407,
        1.5821378725838955,
        -4.547891629481672,
        8.19160273254901,
        8.347973825615007,
        11.701943493096154,
        2.901488216231144,
        -4.89408866168945,
        -8.876366062840722,
        7.652344823542845,
        4.608944574544635,
        0.914680195032748,
        6.114528403178579,
        6.434294286144276,
        3.838840277107838,
        11.901245637943912,
        5.750643049666655,
        -9.240640484737563,
        4.210540161999934,
        -9.271496184439297,
        -10.446248641373439,
        -3.2686162764540034,
        5.179527436606983,
        -17.73081527791064,
        6.7978500509276625,
        38.66094608614264,
        6.764063042999883
      ],
      "outcomes": [
        0,
        1,
        0,
        1,
        1,
        0,
        0,
        0,
        0,
        0,
        0,
        1,
        1,
        1,
        0,
        0,
        1,
        0,
        0,
        1,
        0,
        0,
        0,
        1,
        1,
        0,
        1,
        1,
        1,
        1,
        0,
        0,
        1,
        1,
        1,
        1,
        1,
        1,
        1,
        1,
        0,
        1,
        0,
        0,
        0,
        1,
        0,
        1,
        1,
        1
      ]
    },
    "pair:SOLUSDT": {
      "pnls": [
        -6.425672689453818,
        2.077665373670226,
        -8.23861960803993,
        1.8149364015510487,
        1.2516061034098453,
        -3.6130735001287366,
        -4.287194985167863,
        -8.523930104149375,
        -4.14028053475284,
        -7.8391737059027795,
        -9.340018274163441,
        7.833978719801264,
        1.5042832005324234,
        3.946290923399065,
        -4.4542417027964465,
        -3.5489474867936535,
        0.9827188542712935,
        -3.420001140406233,
        -4.429991736160089,
        1.4097850123428954,
        -6.006787980256714,
        -5.111854166609613,
        -4.0027755723169,
        3.2909544594407,
        1.5821378725838955,
        -4.547891629481672,
        8.19160273254901,
        8.347973825615007,
        11.701943493096154,
        2.901488216231144,
        -4.89408866168945,
        -8.876366062840722,
        7.652344823542845,
        4.608944574544635,
        0.914680195032748,
        6.114528403178579,
        6.434294286144276,
        3.838840277107838,
        11.901245637943912,
        5.750643049666655,
        -9.240640484737563,
        4.210540161999934,
        -9.271496184439297,
        -10.446248641373439,
        -3.2686162764540034,
        5.179527436606983,
        -17.73081527791064,
        6.7978500509276625,
        38.66094608614264,
        6.764063042999883
      ],
      "outcomes": [
        0,
        1,
        0,
        1,
        1,
        0,
        0,
        0,
        0,
        0,
        0,
        1,
        1,
        1,
        0,
        0,
        1,
        0,
        0,
        1,
        0,
        0,
        0,
        1,
        1,
        0,
        1,
        1,
        1,
        1,
        0,
        0,
        1,
        1,
        1,
        1,
        1,
        1,
        1,
        1,
        0,
        1,
        0,
        0,
        0,
        1,
        0,
        1,
        1,
        1
      ]
    },
    "regime:RANGING": {
      "pnls": [
        -6.425672689453818,
        2.077665373670226,
        -8.23861960803993,
        1.8149364015510487,
        1.2516061034098453,
        -3.6130735001287366,
        -4.287194985167863,
        -8.523930104149375,
        -4.14028053475284,
        -7.8391737059027795,
        -9.340018274163441,
        7.833978719801264,
        1.5042832005324234,
        3.946290923399065,
        -4.4542417027964465,
        -3.5489474867936535,
        0.9827188542712935,
        -3.420001140406233,
        -4.429991736160089,
        1.4097850123428954,
        -6.006787980256714,
        -5.111854166609613,
        -4.0027755723169,
        3.2909544594407,
        1.5821378725838955,
        -4.547891629481672,
        8.19160273254901,
        8.347973825615007,
        11.701943493096154,
        2.901488216231144,
        -4.89408866168945,
        -8.876366062840722,
        7.652344823542845,
        4.608944574544635,
        0.914680195032748,
        6.114528403178579,
        6.434294286144276,
        3.838840277107838,
        11.901245637943912,
        5.750643049666655,
        -9.240640484737563,
        4.210540161999934,
        -9.271496184439297,
        -10.446248641373439,
        -3.2686162764540034,
        5.179527436606983,
        -17.73081527791064,
        6.7978500509276625,
        38.66094608614264,
        6.764063042999883
      ],
      "outcomes": [
        0,
        1,
        0,
        1,
        1,
        0,
        0,
        0,
        0,
        0,
        0,
        1,
        1,
        1,
        0,
        0,
        1,
        0,
        0,
        1,
        0,
        0,
        0,
        1,
        1,
        0,
        1,
        1,
        1,
        1,
        0,
        0,
        1,
        1,
        1,
        1,
        1,
        1,
        1,
        1,
        0,
        1,
        0,
        0,
        0,
        1,
        0,
        1,
        1,
        1
      ]
    },