{
  "saved_at": "2026-04-06T00:31:35.101098",
  "version": "200e",
  "defense_mode": false,
  "defense_mode_start": 5926,
  "consecutive_losses": 0,
  "loss_streak_max": 10,
  "win_count": 1305,
  "loss_count": 1569,
  "recent_pnls": [
    -33.78211011113361,
    17.157643414154723,
    -57.61361361237035,
    12.522621412380504,
    27.617557870664466,
    31.397667602511007,
    -34.239000289359666,
    -47.735395235171126,
    28.060225109276317,
    95.60973274174704,
    275.9979956030912,
    -187.61010454924107,
    111.79773683320371,
    -87.12695080284932,
    -62.00223362463263,
    19.668367089270365,
    128.97789025057065,
    152.9350846881299,
    75.11942167772308,
    -110.0796291225626,
    42.87937366805578,
    1.801120778087335,
    -66.39456262547337,
    159.5411603884312,
    490.6282422423557,
    -53.857654852688974,
    18.344702660913327,
    1.3296301422896448,
    -202.94056804774056,
    -7.059169182851048,
    121.33424352564634,
    201.10016376696896,
    -152.81026331579082,
    -100.53383605372471,
    -91.83256823991827,
    -95.05839709914798,
    270.44013853790767,
    -34.16692217399941,
    -123.57975485182385,
    104.10823514599807,
    36.7816088178434,
    -66.44130976563906,
    27.085520316119887,
    -96.58607942072653,
    -48.13459379157504,
    -198.21529464906274,
    171.42046354682404,
    -172.97628839184458,
    -65.31907971654823,
    117.48648559906832
  ],
  "risk_multiplier": 0.6077531250000001,
  "confidence_threshold": 0.45,
  "aggression_level": 0.5627544050000001,
  "evolution_count": 574,
  "total_decisions": 0,
  "override_count": 0,
  "hold_count": 0
}