{
  "saved_at": "2026-03-31T17:12:12.785190",
  "version": "200e",
  "defense_mode": false,
  "defense_mode_start": 13767,
  "consecutive_losses": 0,
  "loss_streak_max": 10,
  "win_count": 618,
  "loss_count": 804,
  "recent_pnls": [
    8.23826212876584,
    2.395927498248218,
    9.56040840374593,
    1.5478393868245406,
    22.35574444473078,
    -17.912679069315068,
    -14.50958518081809,
    -13.880820382999428,
    -16.45206650609086,
    -17.468011521436186,
    -15.436611221328047,
    11.904088197829926,
    -5.476454349137567,
    11.591171915639773,
    -6.726931656583643,
    10.544787965748487,
    -5.187325186327883,
    -14.126455313830013,
    -10.722457150848822,
    7.403957413743505,
    9.96971838918243,
    -8.311106758583902,
    -5.354731086437375,
    1.7829507241802278,
    -11.790289620699317,
    -15.093651531662468,
    -16.76680344110254,
    13.632797698815413,
    4.22039571998313,
    10.320123298344031,
    -5.751138200587681,
    1.6763960935164344,
    1.6306272797368349,
    1.702907640177398,
    -5.799935073050524,
    2.0895951021441763,
    -5.076735481882245,
    -4.861152833273867,
    2.4872893043140993,
    2.7543673496257983,
    -4.301991286799273,
    -11.769910909038375,
    2.901791373971554,
    -15.496176713403441,
    8.046273462047797,
    -9.894296305718742,
    -8.697723794090189,
    -5.067911785087005,
    -5.970735697826333,
    4.702772793728259
  ],
  "risk_multiplier": 0.55125,
  "confidence_threshold": 0.45,
  "aggression_level": 0.53045,
  "evolution_count": 284,
  "total_decisions": 0,
  "override_count": 0,
  "hold_count": 0
}