{
  "saved_at": "2026-04-03T20:48:07.465501",
  "version": "200e",
  "defense_mode": false,
  "defense_mode_start": 11339,
  "consecutive_losses": 3,
  "loss_streak_max": 13,
  "win_count": 2053,
  "loss_count": 2553,
  "recent_pnls": [
    -24.87804233463067,
    6.315245994870049,
    -12.099994583949178,
    -6.5100111531468166,
    9.625925825012196,
    0.10205135935410659,
    -21.27540185457112,
    -14.4600930892299,
    -6.1853494150038655,
    67.44758001084942,
    4.831980036444973,
    -22.480453589763773,
    30.2385659947023,
    -16.98781213469879,
    8.857625014854841,
    -16.429434963634428,
    4.257874103245297,
    -12.685333768714028,
    -12.98454379058602,
    -32.95819822216244,
    10.584609414731196,
    35.010019582751234,
    -104.32914994527783,
    14.365987161535367,
    -20.362946514515606,
    -22.68808685930253,
    -16.860249174830813,
    0.549508269484212,
    -12.893602434639892,
    -20.648585117753708,
    -33.13434190636242,
    -19.27365759788226,
    24.974272306138452,
    -14.752306256519498,
    -16.115984056158446,
    -9.67094711619496,
    17.217417079825456,
    -16.589455706283594,
    -34.90241697564341,
    -20.725084773554656,
    34.28959006516175,
    -32.509216477846806,
    34.468614154269254,
    -26.913214923360353,
    22.53757816138474,
    12.387161661366797,
    25.935950330114512,
    -15.049885122722939,
    -21.302261455576897,
    -2.50601145957092
  ],
  "risk_multiplier": 0.5,
  "confidence_threshold": 0.45,
  "aggression_level": 0.5,
  "evolution_count": 921,
  "total_decisions": 0,
  "override_count": 0,
  "hold_count": 0
}