{
  "saved_at": "2026-04-03T22:53:40.454829",
  "version": "200e",
  "defense_mode": false,
  "defense_mode_start": 11339,
  "consecutive_losses": 0,
  "loss_streak_max": 13,
  "win_count": 2025,
  "loss_count": 2515,
  "recent_pnls": [
    6.963916453987912,
    -15.470197389151508,
    5.928489604485978,
    -15.821801837533718,
    -7.266804443667195,
    10.380239237484984,
    3.417675856348821,
    -6.17048738494411,
    12.076483140011254,
    -8.908476921559167,
    -9.177172225032177,
    16.558236468463296,
    -19.92451722849463,
    -21.32267726698067,
    23.1110079986921,
    -15.82916707258076,
    -8.654044502774504,
    -9.332545518888754,
    -11.470465131152295,
    -13.013148709628497,
    -14.65495090563535,
    -14.061725002292576,
    -11.661164522520435,
    -8.847837004157785,
    13.848538458923512,
    3.492970599516637,
    -10.487646295596354,
    -14.529688080880518,
    14.751060923557144,
    -8.802328714107945,
    -7.586279407766679,
    0.3304067782128338,
    -19.01461806914002,
    -13.835684564674835,
    20.229680686116065,
    37.12077702342648,
    90.11591321858054,
    -0.35502855640308006,
    -45.26317124319106,
    -2.058437255201132,
    -11.94533455182374,
    -38.578134809821805,
    36.216945186633275,
    -38.638737760861204,
    -34.78159875755525,
    -38.83475585105115,
    26.06138137936526,
    33.66954952949254,
    -38.474848167241575,
    24.139127720080587
  ],
  "risk_multiplier": 0.5,
  "confidence_threshold": 0.45,
  "aggression_level": 0.5,
  "evolution_count": 908,
  "total_decisions": 0,
  "override_count": 0,
  "hold_count": 0
}