{
  "saved_at": "2026-04-01T03:28:41.240545",
  "version": "200e",
  "defense_mode": false,
  "defense_mode_start": 12407,
  "consecutive_losses": 0,
  "loss_streak_max": 12,
  "win_count": 1342,
  "loss_count": 1394,
  "recent_pnls": [
    0.3517975141413836,
    0.335369609050496,
    -2.180653569652684,
    0.7307792285892547,
    -1.588218796729644,
    -1.5343804204540008,
    2.786004634547614,
    0.5012268964503668,
    -2.3332652156473745,
    0.31233840051342765,
    -1.821160939432944,
    0.31594144805211094,
    -1.8019565991807482,
    -7.070615582501594,
    14.304122025294253,
    -5.739804768601581,
    2.169233978372794,
    -5.587245978858561,
    1.6769153936642838,
    0.7703042549096403,
    1.5878888330393104,
    -4.488427790029597,
    -6.316596822697647,
    -5.29993330545341,
    -0.25779556432807516,
    -5.696630302517597,
    1.6828141658044429,
    1.8236055124231478,
    1.4832551687732045,
    -0.6470970695301149,
    -5.7899871531888385,
    1.9287917843087639,
    1.4831501181509166,
    2.4024729806470138,
    -5.775387768583324,
    1.3615806585728567,
    1.4925051683696675,
    0.5859190244972259,
    -6.44773422609621,
    -6.369988149753803,
    2.238766608728073,
    10.168818619579705,
    1.145169453299398,
    -6.364888678391129,
    1.2615722723256677,
    -5.793247695050991,
    0.3945595286869359,
    -1.2006378393771422,
    1.7462432439852271,
    4.171811977322366
  ],
  "risk_multiplier": 1.5,
  "confidence_threshold": 0.3349999999999999,
  "aggression_level": 2.0,
  "evolution_count": 547,
  "total_decisions": 0,
  "override_count": 0,
  "hold_count": 0
}