{
  "saved_at": "2026-03-31T17:17:47.612732",
  "version": "200e",
  "defense_mode": false,
  "defense_mode_start": 1926,
  "consecutive_losses": 1,
  "loss_streak_max": 12,
  "win_count": 1043,
  "loss_count": 1209,
  "recent_pnls": [
    -5.87139033418842,
    -1.5017906683030615,
    -3.5788813248368347,
    2.500222617856675,
    1.1423490987495768,
    -2.541481613573128,
    1.3043317715500005,
    -3.4267203551719136,
    1.5053472884350438,
    -4.192919496744485,
    4.759411578106144,
    -6.800104134418283,
    -4.8355208255200735,
    1.8412453674674796,
    -6.903006625633867,
    -2.5335718878736424,
    -1.7629016874272394,
    1.1683258338817413,
    -6.044444902882764,
    -0.09083730049378803,
    -4.213396797762336,
    -4.415063941042099,
    -4.315488660480461,
    -6.720652220702718,
    -6.694427949107244,
    -0.02150791498745286,
    13.416230962303327,
    0.3277092811395272,
    2.4167091068523896,
    -6.138698612718496,
    -6.132192341488607,
    -6.047010424389915,
    -0.23179579453728633,
    3.477178806979706,
    1.3248970138700906,
    -2.06259221962501,
    -6.048618281696884,
    -4.4470797885068425,
    -5.3974553979788045,
    0.5155314922541426,
    0.4118695353556781,
    -5.273321465642954,
    -2.3031887446450097,
    -1.8887740822135073,
    -5.359608719064008,
    -5.129973903303972,
    7.732034802800419,
    -2.273979664214329,
    2.0114080318849883,
    -0.08613734163967895
  ],
  "risk_multiplier": 0.6298042291665021,
  "confidence_threshold": 0.45,
  "aggression_level": 0.5617754373218772,
  "evolution_count": 450,
  "total_decisions": 0,
  "override_count": 0,
  "hold_count": 0
}