{
  "saved_at": "2026-04-01T03:28:16.905041",
  "version": "200e",
  "defense_mode": false,
  "defense_mode_start": 7390,
  "consecutive_losses": 0,
  "loss_streak_max": 12,
  "win_count": 1480,
  "loss_count": 1518,
  "recent_pnls": [
    1.6051089144114987,
    -5.639029845862029,
    0.9279664768480934,
    0.9391300215815079,
    8.253624857608381,
    -5.102880920610609,
    1.1744150115722507,
    -4.755138370527985,
    -3.3576207936361664,
    1.231919007587186,
    1.153566568909895,
    0.9297095549863775,
    -4.743239577826268,
    -2.7327905759120483,
    -4.73372412605796,
    -3.96608949902382,
    -3.5564929711787765,
    -4.372637969351822,
    1.0981285956317977,
    -3.45620341667594,
    0.7686300797054356,
    0.7817985036679794,
    0.9968392896736715,
    -3.967917061940412,
    0.9671557826764393,
    -2.7715336276991076,
    -4.757113731589363,
    -3.8845881866242276,
    -3.472499070462006,
    -3.1986675711573795,
    0.9338223187290984,
    8.814102142473775,
    -4.144961677407137,
    1.29310404291187,
    0.7853134104608497,
    0.6658918284959728,
    -0.30105533797783135,
    -1.9104805354573053,
    -2.6007132134225945,
    -2.31630507017528,
    -2.447562913765576,
    -3.3939665631023606,
    1.1585868054949906,
    0.7157736618270827,
    0.6898863319340359,
    -3.1955240023357936,
    -4.112502866666527,
    -4.050663003663205,
    1.1840092588843742,
    0.9179883890595932
  ],
  "risk_multiplier": 0.8731831107643833,
  "confidence_threshold": 0.37499999999999994,
  "aggression_level": 1.4298464346286606,
  "evolution_count": 599,
  "total_decisions": 0,
  "override_count": 0,
  "hold_count": 0
}