{
  "saved_at": "2026-04-01T03:26:51.515665",
  "version": "200e",
  "defense_mode": false,
  "defense_mode_start": 12407,
  "consecutive_losses": 1,
  "loss_streak_max": 12,
  "win_count": 1321,
  "loss_count": 1378,
  "recent_pnls": [
    0.3539934094598811,
    0.7327581847890154,
    0.71378688376096,
    -1.0888318752357076,
    0.42045616699231503,
    0.46918561073108744,
    -1.4148290043685434,
    6.036613535197111,
    -2.0445735232843196,
    -4.405977400990209,
    -3.038791996106563,
    0.5901866398629054,
    -2.190731075594206,
    -2.4793723612115897,
    -1.4681240767991355,
    -2.3796961578379303,
    0.24362199961457898,
    -1.1332244302962213,
    -1.7592794015762765,
    -2.0102559133973408,
    0.8922894020175919,
    0.18776586882745389,
    0.1505405283581085,
    0.3890196543452058,
    0.19127045561064623,
    -1.0248650021747985,
    0.23432720818323066,
    0.3265426005631399,
    -1.3154757251982372,
    0.48829744236532874,
    2.5169744637361453,
    0.399085951429221,
    0.35027475511865463,
    0.41156994312273004,
    0.5438964326414633,
    -2.3341963525605167,
    -1.5568124751182606,
    0.3517975141413836,
    0.335369609050496,
    -2.180653569652684,
    0.7307792285892547,
    -1.588218796729644,
    -1.5343804204540008,
    2.786004634547614,
    0.5012268964503668,
    -2.3332652156473745,
    0.31233840051342765,
    -1.821160939432944,
    0.31594144805211094,
    -1.8019565991807482
  ],
  "risk_multiplier": 1.5,
  "confidence_threshold": 0.3349999999999999,
  "aggression_level": 2.0,
  "evolution_count": 539,
  "total_decisions": 0,
  "override_count": 0,
  "hold_count": 0
}