{
  "saved_at": "2026-04-01T05:39:42.816526",
  "version": "200e",
  "defense_mode": false,
  "defense_mode_start": 2529,
  "consecutive_losses": 0,
  "loss_streak_max": 12,
  "win_count": 1361,
  "loss_count": 1429,
  "recent_pnls": [
    1.6276556595720795,
    -0.21421725468888847,
    0.8487485665504811,
    -3.2506724535792424,
    5.1358205938289645,
    0.7233522746635052,
    0.8644892923892823,
    1.478662728479952,
    -2.8842076169361075,
    0.6164582087496747,
    0.8582817041283979,
    -1.9826098778420427,
    -1.9764220802133448,
    -3.473286447570712,
    -8.758009700280127,
    6.768544915977852,
    4.823864122944095,
    -9.47353296094842,
    1.1251941288586427,
    2.339458874953336,
    -3.6111218448808104,
    1.2744190537951976,
    4.954286137592883,
    -3.6199628647053927,
    -4.556222378347348,
    1.2830158492093782,
    0.8478642358732928,
    0.6661470371684829,
    -0.39546867854649487,
    -1.647594429349302,
    -2.869742975350849,
    -3.0538483365735063,
    -6.209693291829973,
    -3.17974408959058,
    -3.914496095660292,
    4.2909789504419855,
    1.624080776456637,
    -5.8125652597849236,
    3.2793025761817804,
    -4.654619336885602,
    -6.081602097514313,
    0.9613120755923213,
    0.6146135702998913,
    0.4359961815361492,
    0.5780030100987738,
    -1.8778168924801657,
    -2.3839046606515057,
    -2.8231224162145723,
    -3.81305418829832,
    0.7107277291896916
  ],
  "risk_multiplier": 1.1444538724416002,
  "confidence_threshold": 0.38999999999999996,
  "aggression_level": 1.691062644983125,
  "evolution_count": 558,
  "total_decisions": 0,
  "override_count": 0,
  "hold_count": 0
}