{
  "saved_at": "2026-03-31T17:14:23.531335",
  "version": "200e",
  "defense_mode": false,
  "defense_mode_start": 14073,
  "consecutive_losses": 0,
  "loss_streak_max": 12,
  "win_count": 939,
  "loss_count": 1087,
  "recent_pnls": [
    -2.2547111310647727,
    -2.5392226114300627,
    -2.1714735274450168,
    2.191792778511905,
    -1.218280310360687,
    1.993427416212786,
    0.623677711064523,
    -0.6934564263365866,
    0.9779834754026822,
    -1.319502594148506,
    -1.8060696542261943,
    0.4402278055778534,
    -0.8320783916357234,
    1.5925079399900157,
    1.5372752333666442,
    -0.6671823839782456,
    -1.4496935955289008,
    1.0845290520883284,
    -2.0834681589505144,
    -1.4235302722278989,
    0.5511638559928919,
    -1.640830919860346,
    1.9580884928823143,
    -1.1194109354108028,
    -0.5240225278486313,
    0.2870096113176585,
    0.8073144501634559,
    -0.8041368239867266,
    -1.2465944206361135,
    -2.201331606677035,
    2.19819832114821,
    0.3497009039501547,
    -0.7210507704423598,
    0.8540731049303866,
    0.2639172149553086,
    0.2873522303780912,
    -1.5578789854838222,
    0.29545362820348586,
    0.3921411216927573,
    -2.006705890486801,
    -1.476599462857003,
    -0.849634515080563,
    0.35710125403782,
    -1.0460604124699604,
    0.23885765703379513,
    -0.9154362711960908,
    0.8879821102477057,
    -1.5493373847827852,
    -0.8662621192549458,
    0.9288713405611796
  ],
  "risk_multiplier": 0.8239714394655465,
  "confidence_threshold": 0.45,
  "aggression_level": 0.6672999809419404,
  "evolution_count": 405,
  "total_decisions": 0,
  "override_count": 0,
  "hold_count": 0
}