{
  "saved_at": "2026-04-06T00:40:08.275019",
  "version": "200e",
  "defense_mode": true,
  "defense_mode_start": 639,
  "consecutive_losses": 8,
  "loss_streak_max": 13,
  "win_count": 2021,
  "loss_count": 2517,
  "recent_pnls": [
    -13.497096594387834,
    -7.976320610640058,
    6.963916453987912,
    -15.470197389151508,
    5.928489604485978,
    -15.821801837533718,
    -7.266804443667195,
    10.380239237484984,
    3.417675856348821,
    -6.17048738494411,
    12.076483140011254,
    -8.908476921559167,
    -9.177172225032177,
    16.558236468463296,
    -19.92451722849463,
    -21.32267726698067,
    23.1110079986921,
    -15.82916707258076,
    -8.654044502774504,
    -9.332545518888754,
    -11.470465131152295,
    -13.013148709628497,
    -14.65495090563535,
    -14.061725002292576,
    -11.661164522520435,
    -8.847837004157785,
    13.848538458923512,
    3.492970599516637,
    -10.487646295596354,
    -14.529688080880518,
    14.751060923557144,
    -8.802328714107945,
    -7.586279407766679,
    0.3304067782128338,
    -33.979258357239765,
    -31.98082469336562,
    -46.48828402466505,
    46.61708290076741,
    -41.770477658922196,
    -54.20838923093945,
    13.18910823627422,
    28.57239938916834,
    -28.549676697638372,
    -23.96996105040287,
    -30.580402145781,
    -4.677598521744714,
    -25.83383411859735,
    -23.237116391851718,
    -26.21546872393711,
    -51.68971649972992
  ],
  "risk_multiplier": 0.5,
  "confidence_threshold": 0.45,
  "aggression_level": 0.5,
  "evolution_count": 907,
  "total_decisions": 0,
  "override_count": 0,
  "hold_count": 0
}