{
  "saved_at": "2026-04-03T18:30:38.068840",
  "version": "200e",
  "defense_mode": false,
  "defense_mode_start": 11339,
  "consecutive_losses": 2,
  "loss_streak_max": 13,
  "win_count": 1681,
  "loss_count": 1956,
  "recent_pnls": [
    12.076483140011254,
    -8.908476921559167,
    -9.177172225032177,
    16.558236468463296,
    -19.92451722849463,
    -21.32267726698067,
    23.1110079986921,
    -15.82916707258076,
    -8.654044502774504,
    -9.332545518888754,
    -11.470465131152295,
    -13.013148709628497,
    -14.65495090563535,
    -14.061725002292576,
    -11.661164522520435,
    -8.847837004157785,
    13.848538458923512,
    3.492970599516637,
    -10.487646295596354,
    -14.529688080880518,
    14.751060923557144,
    -8.802328714107945,
    -7.586279407766679,
    0.3304067782128338,
    -1.782620443981877,
    -1.3798462012065043,
    1.9221689131381283,
    3.4979462333904774,
    12.105573919345124,
    7.340683645382942,
    9.829283997201275,
    2.341466505632831,
    -9.979572144871739,
    -1.8904667655829097,
    -4.674039266170687,
    -6.455998658113306,
    5.139889434531041,
    -5.791354208868208,
    -3.2678574843604773,
    -4.749282688649195,
    4.762560988784872,
    -4.2729896094398025,
    4.287877553238022,
    -5.279660722137982,
    -0.4462250965581064,
    9.054567070318178,
    -0.5467421030571286,
    1.8446228453941451,
    -3.077314242631947,
    -0.6780201532392981
  ],
  "risk_multiplier": 0.5,
  "confidence_threshold": 0.45,
  "aggression_level": 0.5,
  "evolution_count": 727,
  "total_decisions": 0,
  "override_count": 0,
  "hold_count": 0
}