{
  "saved_at": "2026-04-03T17:00:00.157481",
  "version": "200e",
  "defense_mode": false,
  "defense_mode_start": 11339,
  "consecutive_losses": 0,
  "loss_streak_max": 13,
  "win_count": 1670,
  "loss_count": 1941,
  "recent_pnls": [
    -5.177457051033354,
    -7.775492394760162,
    -4.932056631775428,
    0.9854868400066877,
    6.228323312016549,
    1.3636776774376993,
    4.84424835460387,
    -17.277953000890857,
    -8.03090848579165,
    -13.047379921924286,
    -19.06308096658403,
    -8.186532807615237,
    -8.527288643196682,
    -14.095477548857879,
    -8.353565258180883,
    -14.142810691297727,
    -13.497096594387834,
    -7.976320610640058,
    6.963916453987912,
    -15.470197389151508,
    5.928489604485978,
    -15.821801837533718,
    -7.266804443667195,
    10.380239237484984,
    3.417675856348821,
    -6.17048738494411,
    12.076483140011254,
    -8.908476921559167,
    -9.177172225032177,
    16.558236468463296,
    -19.92451722849463,
    -21.32267726698067,
    23.1110079986921,
    -15.82916707258076,
    -8.654044502774504,
    -9.332545518888754,
    -11.470465131152295,
    -13.013148709628497,
    -14.65495090563535,
    -14.061725002292576,
    -11.661164522520435,
    -8.847837004157785,
    13.848538458923512,
    3.492970599516637,
    -10.487646295596354,
    -14.529688080880518,
    14.751060923557144,
    -8.802328714107945,
    -7.586279407766679,
    0.3304067782128338
  ],
  "risk_multiplier": 0.5,
  "confidence_threshold": 0.45,
  "aggression_level": 0.5,
  "evolution_count": 722,
  "total_decisions": 0,
  "override_count": 0,
  "hold_count": 0
}