{
  "saved_at": "2026-04-01T06:21:00.903492",
  "version": "200e",
  "defense_mode": false,
  "defense_mode_start": 12407,
  "consecutive_losses": 0,
  "loss_streak_max": 12,
  "win_count": 1364,
  "loss_count": 1439,
  "recent_pnls": [
    0.8465439289123301,
    0.763048415222702,
    -3.126993664314643,
    6.062543286912202,
    -0.29813407112745544,
    -2.8410663214559295,
    -3.4435814328220755,
    7.8333301661210895,
    -5.765867115577454,
    -2.87745884668219,
    5.687584304015155,
    -18.175425469108355,
    -5.303724429684815,
    -0.33004637268777676,
    1.370772279655531,
    4.054191805185128,
    1.3941351026832742,
    -3.505091491319228,
    -4.434471644846734,
    0.8809327237724701,
    -0.12672729476803976,
    -2.1162057294411327,
    -2.883380589449864,
    -3.007504995400841,
    1.2069772239342231,
    -4.048505921169166,
    1.0555595335239418,
    -2.779179570622388,
    -4.1870380531257325,
    4.843557055929949,
    -2.974954340058675,
    2.3027590720746893,
    -3.890234512828417,
    -6.087632983882212,
    -4.157769561988682,
    1.1676673073894601,
    4.593540466722414,
    -3.951131636532317,
    -5.9227997313283405,
    0.9355256046051867,
    0.5981270250860782,
    -2.0353403333425524,
    2.3602436551422663,
    -2.4585695253723414,
    -2.7754351826535024,
    -3.618257225931953,
    3.9280191416572805,
    -2.925708072902079,
    -3.252222180553824,
    0.9938362611469476
  ],
  "risk_multiplier": 1.1283189120000001,
  "confidence_threshold": 0.42,
  "aggression_level": 1.6778828749999999,
  "evolution_count": 560,
  "total_decisions": 0,
  "override_count": 0,
  "hold_count": 0
}