{
  "saved_at": "2026-04-06T00:39:41.945642",
  "version": "200e",
  "defense_mode": false,
  "defense_mode_start": 1924,
  "consecutive_losses": 1,
  "loss_streak_max": 13,
  "win_count": 2046,
  "loss_count": 2560,
  "recent_pnls": [
    -18.05341095557005,
    -32.241556300113714,
    -21.0391162815485,
    -31.02740507362375,
    45.287811125830494,
    20.511593709708244,
    42.834628003010124,
    -102.5157437781396,
    14.116283509876927,
    -20.00900619381044,
    -22.293731910059606,
    -16.567191291687294,
    29.0613307571252,
    -22.069686793637544,
    -13.075475005108864,
    -22.24644072621804,
    -31.705141655348594,
    -18.967672396807707,
    -19.265554339047934,
    -19.21532972707086,
    8.693984116038623,
    -16.951050260102093,
    37.596893696008536,
    -21.684551213611954,
    -23.582236925246967,
    33.97499493220947,
    -26.527795302074193,
    22.214821297724853,
    12.209767204036828,
    25.564525950589623,
    -14.834358250852825,
    -20.997195354550794,
    -2.4701232912329107,
    13.248129360133092,
    -2.146906761433719,
    -12.285098338095144,
    -21.66933302702503,
    -2.068251246531462,
    -11.91666173430646,
    17.067541363713673,
    -14.289842153161777,
    -19.669538461072136,
    -16.246477929538933,
    -12.558122366825177,
    4.62170811622581,
    16.401005368994515,
    -15.118377377182505,
    -15.044525991182686,
    8.83262412530089,
    -12.390878875760194
  ],
  "risk_multiplier": 0.5,
  "confidence_threshold": 0.45,
  "aggression_level": 0.5,
  "evolution_count": 921,
  "total_decisions": 0,
  "override_count": 0,
  "hold_count": 0
}