{
  "ETHUSDT_1h": {
    "conf_0.50": {
      "net": -990.0099999999996,
      "trades": 353,
      "wr": 51.8,
      "pf": 0.0,
      "sharpe": -2.327,
      "dd": 1131.75,
      "fees": 281.15
    },
    "conf_0.55": {
      "net": -276.93,
      "trades": 338,
      "wr": 54.4,
      "pf": 0.0,
      "sharpe": -0.65,
      "dd": 599.2,
      "fees": 264.04
    },
    "conf_0.60": {
      "net": 104.62,
      "trades": 305,
      "wr": 55.7,
      "pf": 99.0,
      "sharpe": 0.258,
      "dd": 417.87,
      "fees": 241.46
    },
    "conf_0.65": {
      "net": -692.8299999999998,
      "trades": 233,
      "wr": 49.8,
      "pf": 0.0,
      "sharpe": -2.338,
      "dd": 781.85,
      "fees": 189.47
    },
    "conf_0.70": {
      "net": -670.5100000000001,
      "trades": 166,
      "wr": 45.2,
      "pf": 0.0,
      "sharpe": -3.381,
      "dd": 790.34,
      "fees": 137.24
    },
    "conf_0.75": {
      "net": -320.5200000000001,
      "trades": 103,
      "wr": 48.5,
      "pf": 0.0,
      "sharpe": -2.752,
      "dd": 420.89,
      "fees": 84.79
    },
    "conf_0.80": {
      "net": -165.32999999999996,
      "trades": 61,
      "wr": 52.5,
      "pf": 0.0,
      "sharpe": -2.503,
      "dd": 298.33,
      "fees": 47.16
    }
  },
  "XRPUSDT_4h": {
    "conf_0.50": {
      "net": -744.3099999999998,
      "trades": 241,
      "wr": 46.9,
      "pf": 0.0,
      "sharpe": -1.394,
      "dd": 1170.88,
      "fees": 209.49
    },
    "conf_0.55": {
      "net": -179.89999999999984,
      "trades": 171,
      "wr": 46.2,
      "pf": 0.0,
      "sharpe": -0.432,
      "dd": 662.63,
      "fees": 152.29
    },
    "conf_0.60": {
      "net": 247.81999999999982,
      "trades": 101,
      "wr": 49.5,
      "pf": 99.0,
      "sharpe": 1.001,
      "dd": 359.19,
      "fees": 87.26
    },
    "conf_0.65": {
      "net": 425.81999999999994,
      "trades": 54,
      "wr": 61.1,
      "pf": 99.0,
      "sharpe": 3.413,
      "dd": 184.97,
      "fees": 41.47
    },
    "conf_0.70": {
      "net": 142.82,
      "trades": 18,
      "wr": 61.1,
      "pf": 99.0,
      "sharpe": 3.242,
      "dd": 102.82,
      "fees": 15.63
    },
    "conf_0.75": {
      "net": 73.59,
      "trades": 6,
      "wr": 66.7,
      "pf": 99.0,
      "sharpe": 5.134,
      "dd": 47.27,
      "fees": 5.17
    },
    "conf_0.80": {
      "net": 54.84,
      "trades": 3,
      "wr": 66.7,
      "pf": 99.0,
      "sharpe": 8.263,
      "dd": 31.18,
      "fees": 3.16
    }
  }
}