{
  "BTCUSDT_15m": {
    "net": -182.96,
    "trades": 151,
    "wr": 41.1,
    "pf": 0.0,
    "sharpe": -3.334,
    "dd": 225.39,
    "fees": 125.66
  },
  "BTCUSDT_1h": {
    "net": -71.65999999999995,
    "trades": 250,
    "wr": 54.0,
    "pf": 0.0,
    "sharpe": -0.407,
    "dd": 208.45,
    "fees": 207.14
  },
  "BTCUSDT_4h": {
    "net": -588.1399999999999,
    "trades": 128,
    "wr": 34.4,
    "pf": 0.0,
    "sharpe": -4.281,
    "dd": 722.23,
    "fees": 128.78
  },
  "ETHUSDT_15m": {
    "net": -291.21999999999997,
    "trades": 294,
    "wr": 54.1,
    "pf": 0.0,
    "sharpe": -1.437,
    "dd": 342.24,
    "fees": 215.77
  },
  "ETHUSDT_1h": {
    "net": 82.94999999999987,
    "trades": 303,
    "wr": 55.4,
    "pf": 99.0,
    "sharpe": 0.205,
    "dd": 417.87,
    "fees": 240.5
  },
  "ETHUSDT_4h": {
    "net": -648.1300000000002,
    "trades": 97,
    "wr": 38.1,
    "pf": 0.0,
    "sharpe": -3.192,
    "dd": 921.19,
    "fees": 91.9
  },
  "XRPUSDT_15m": {
    "net": -629.65,
    "trades": 283,
    "wr": 47.7,
    "pf": 0.0,
    "sharpe": -2.875,
    "dd": 645.03,
    "fees": 214.31
  },
  "XRPUSDT_1h": {
    "net": -558.9799999999993,
    "trades": 288,
    "wr": 49.3,
    "pf": 0.0,
    "sharpe": -1.49,
    "dd": 1032.8,
    "fees": 230.56
  },
  "XRPUSDT_4h": {
    "net": 247.8499999999999,
    "trades": 101,
    "wr": 49.5,
    "pf": 99.0,
    "sharpe": 1.001,
    "dd": 359.24,
    "fees": 87.26
  }
}