{
  "ETH": {
    "min": {
      "net": 172.29999999999987,
      "trades": 303,
      "wr": 55.4,
      "pf": 99.0,
      "sharpe": 0.163,
      "dd": 1150.04,
      "fees": 631.33
    },
    "conservative": {
      "net": 340.0999999999998,
      "trades": 305,
      "wr": 55.7,
      "pf": 99.0,
      "sharpe": 0.259,
      "dd": 1377.66,
      "fees": 786.07
    },
    "moderate": {
      "net": 456.65000000000003,
      "trades": 305,
      "wr": 55.7,
      "pf": 99.0,
      "sharpe": 0.298,
      "dd": 1577.99,
      "fees": 934.1
    },
    "aggressive": {
      "net": 409.5700000000003,
      "trades": 291,
      "wr": 55.3,
      "pf": 99.0,
      "sharpe": 0.219,
      "dd": 2234.1,
      "fees": 1180.01
    },
    "max": {
      "net": 1090.9600000000003,
      "trades": 278,
      "wr": 56.8,
      "pf": 99.0,
      "sharpe": 0.527,
      "dd": 2065.61,
      "fees": 1324.89
    },
    "ultra": {
      "net": 1090.9600000000003,
      "trades": 278,
      "wr": 56.8,
      "pf": 99.0,
      "sharpe": 0.527,
      "dd": 2065.61,
      "fees": 1324.89
    }
  },
  "XRP": {
    "min": {
      "net": 1052.03,
      "trades": 54,
      "wr": 61.1,
      "pf": 99.0,
      "sharpe": 3.201,
      "dd": 524.51,
      "fees": 109.15
    },
    "conservative": {
      "net": 1143.19,
      "trades": 54,
      "wr": 61.1,
      "pf": 99.0,
      "sharpe": 2.855,
      "dd": 665.31,
      "fees": 133.34
    },
    "moderate": {
      "net": 1203.15,
      "trades": 54,
      "wr": 61.1,
      "pf": 99.0,
      "sharpe": 2.702,
      "dd": 770.54,
      "fees": 153.46
    },
    "aggressive": {
      "net": 1232.29,
      "trades": 54,
      "wr": 61.1,
      "pf": 99.0,
      "sharpe": 2.514,
      "dd": 826.78,
      "fees": 177.6
    },
    "max": {
      "net": 1230.2900000000002,
      "trades": 54,
      "wr": 61.1,
      "pf": 99.0,
      "sharpe": 2.467,
      "dd": 826.41,
      "fees": 182.71
    },
    "ultra": {
      "net": 1230.1200000000001,
      "trades": 54,
      "wr": 61.1,
      "pf": 99.0,
      "sharpe": 2.467,
      "dd": 826.27,
      "fees": 182.72
    }
  }
}